st_id,password,first_name,last_name,age,gender,nationality,interest,CompletedUnit1_Code,CompletedUnit1_Title,CompletedUnit1_Semester,CompletedUnit1_Credits,CompletedUnit2_Code,CompletedUnit2_Title,CompletedUnit2_Semester,CompletedUnit2_Credits,CompletedUnit3_Code,CompletedUnit3_Title,CompletedUnit3_Semester,CompletedUnit3_Credits,CompletedUnit4_Code,CompletedUnit4_Title,CompletedUnit4_Semester,CompletedUnit4_Credits,CompletedUnit5_Code,CompletedUnit5_Title,CompletedUnit5_Semester,CompletedUnit5_Credits,CompletedUnit6_Code,CompletedUnit6_Title,CompletedUnit6_Semester,CompletedUnit6_Credits
87798,RfOt2,Carlos,Fernandez,27,Male,Brunei,Business Intelligence,BEO6000,Data Analysis for Business,3,12,,,,,,,,,,,,,,,,,,,,
50506,GivEd,Alberto,Torres,28,Male,Cambodia,Financial Analysis,WOM1000,Women in STEM,1,12,BCO6008,Predictive Analytics,2,12.0,,,,,,,,,,,,,,,,
22758,uo31n,Angelica,Ramos,22,Female,Myanmar,Leadership and Empowerment,BCO7000,Business Analytics,2,12,BCO7006,Coding for Business Analytics,2,12.0,BCO6008,Predictive Analytics,2,12.0,WOM1000,Women in STEM,2,12.0,,,,,,,,
92379,hKkpz,Rosa,Gonzalez,32,Female,Vietnam,Programming (Python),BAO6504,Accounting for Management,1,12,BCO7004,Business Data Mining and Warehousing,4,12.0,WOM1000,Women in STEM,4,12.0,,,,,,,,,,,,
75889,EiKSC,Carmen,Morales,34,Female,Laos,Market Analysis,BCO7000,Business Analytics,1,12,BEO6000,Data Analysis for Business,3,12.0,WOM1000,Women in STEM,1,12.0,,,,,,,,,,,,
73321,T0rcr,Alberto,Fernandez,28,Male,Singapore,Data Science,BCO7000,Business Analytics,4,12,BCO7006,Coding for Business Analytics,1,12.0,BEO6600,Business Economics,2,12.0,WOM1000,Women in STEM,1,12.0,BCO7002,Experience Management,4,12.0,,,,
63861,2Jojb,Carmen,Gonzalez,21,Female,Brunei,Quantitative Analysis,BEO6000,Data Analysis for Business,3,12,WOM1000,Women in STEM,3,12.0,,,,,,,,,,,,,,,,
72661,Wp4j7,Alberto,Ramos,22,Male,Malaysia,Customer Experience,BCO7004,Business Data Mining and Warehousing,4,12,,,,,,,,,,,,,,,,,,,,
90346,1HjV3,Angelica,Cruz,26,Female,Brunei,Quantitative Analysis,BEO6000,Data Analysis for Business,3,12,WOM1000,Women in STEM,3,12.0,,,,,,,,,,,,,,,,
85434,5TNYW,Alicia,Torres,21,Female,Malaysia,Data Science,BEO6600,Business Economics,2,12,BCO7003,Analytics Project M anagement,1,12.0,BEO6000,Data Analysis for Business,3,12.0,WOM1000,Women in STEM,2,12.0,,,,,,,,
85335,HJbCg,Isabela,Martinez,33,Female,Laos,Quantitative Analysis,BCO7005,Data Security and Governance,2,12,WOM1000,Women in STEM,2,12.0,,,,,,,,,,,,,,,,
39036,KyzBv,Veronica,Reyes,19,Female,Cambodia,Market Analysis,BCO7005,Data Security and Governance,2,12,BCO7004,Business Data Mining and Warehousing,4,12.0,WOM1000,Women in STEM,2,12.0,,,,,,,,,,,,
14236,4DAXm,Alicia,Torres,19,Female,Brunei,Leadership and Empowerment,BCO7000,Business Analytics,4,12,BCO7006,Coding for Business Analytics,4,12.0,BCO7002,Experience Management,4,12.0,BEO6000,Data Analysis for Business,3,12.0,WOM1000,Women in STEM,3,12.0,,,,
97161,szKS6,Veronica,Ramos,35,Female,Laos,Economic Theory,BCO7000,Business Analytics,4,12,BCO7006,Coding for Business Analytics,4,12.0,BCO7002,Experience Management,4,12.0,WOM1000,Women in STEM,4,12.0,,,,,,,,
08366,KxzaN,Fernando,Santos,35,Male,Laos,Programming (Python),BCO7007,Machine Learning,2,12,BEO6000,Data Analysis for Business,3,12.0,BCO7006,Coding for Business Analytics,1,12.0,,,,,,,,,,,,
44632,zin7r,Sofia,Torres,25,Female,Indonesia,Machine Learning,BCO7000,Business Analytics,3,12,BCO7006,Coding for Business Analytics,4,12.0,BCO7002,Experience Management,4,12.0,BEO6000,Data Analysis for Business,3,12.0,WOM1000,Women in STEM,3,12.0,,,,
32066,k06jF,Alberto,Gonzalez,24,Male,Thailand,Business Intelligence,BCO7000,Business Analytics,1,12,BEO6000,Data Analysis for Business,3,12.0,,,,,,,,,,,,,,,,
20401,kpyGG,Ricardo,Garcia,22,Male,Singapore,Business Intelligence,BCO7002,Experience Management,4,12,,,,,,,,,,,,,,,,,,,,
09803,coeyd,Carmen,Garcia,30,Female,Myanmar,Business Strategy,BEO6600,Business Economics,2,12,WOM1000,Women in STEM,2,12.0,,,,,,,,,,,,,,,,
54370,Csr3S,Sofia,Rivera,28,Female,Indonesia,Quantitative Analysis,BCO7000,Business Analytics,1,12,BCO7006,Coding for Business Analytics,1,12.0,BCO7003,Analytics Project M anagement,1,12.0,WOM1000,Women in STEM,1,12.0,,,,,,,,
41273,tJHqT,Luisa,Morales,18,Female,Malaysia,Market Analysis,BCO7004,Business Data Mining and Warehousing,4,12,BAO6504,Accounting for Management,1,12.0,WOM1000,Women in STEM,4,12.0,,,,,,,,,,,,
11270,Jt9tb,Fernando,Torres,29,Male,Laos,Data Science,BCO7000,Business Analytics,1,12,BEO6000,Data Analysis for Business,3,12.0,,,,,,,,,,,,,,,,
66040,II0xs,Isabela,Santos,30,Female,Malaysia,Quantitative Analysis,BCO7002,Experience Management,4,12,WOM1000,Women in STEM,4,12.0,,,,,,,,,,,,,,,,
65294,HTHH5,Maria,Flores,20,Female,Brunei,Quantitative Analysis,BCO7000,Business Analytics,1,12,BCO7002,Experience Management,4,12.0,BEO6000,Data Analysis for Business,3,12.0,WOM1000,Women in STEM,3,12.0,,,,,,,,
73816,lUTfp,Angelica,Garcia,25,Female,Vietnam,Business Intelligence,BCO7004,Business Data Mining and Warehousing,4,12,BCO7007,Machine Learning,2,12.0,WOM1000,Women in STEM,4,12.0,,,,,,,,,,,,
86566,49YMv,Luisa,Torres,28,Female,Philippines,General Business Interest,BCO7002,Experience Management,4,12,WOM1000,Women in STEM,4,12.0,,,,,,,,,,,,,,,,
23936,ZnsWL,Sofia,Morales,35,Female,Vietnam,Economic Theory,BCO7000,Business Analytics,3,12,BCO7006,Coding for Business Analytics,3,12.0,BCO7002,Experience Management,4,12.0,BEO6000,Data Analysis for Business,3,12.0,WOM1000,Women in STEM,4,12.0,,,,
89375,ci6hr,Juan,Cruz,35,Male,Philippines,Market Analysis,BEO6000,Data Analysis for Business,3,12,BCO7006,Coding for Business Analytics,1,12.0,BCO7004,Business Data Mining and Warehousing,4,12.0,,,,,,,,,,,,
30287,sZR6O,Sofia,Morales,19,Female,Cambodia,Financial Analysis,BCO7000,Business Analytics,4,12,BCO7006,Coding for Business Analytics,2,12.0,BCO7007,Machine Learning,2,12.0,BEO6000,Data Analysis for Business,3,12.0,BCO7002,Experience Management,4,12.0,WOM1000,Women in STEM,2.0,12.0
62568,1ZK2T,Angelica,Reyes,21,Female,Vietnam,Business Intelligence,BCO7004,Business Data Mining and Warehousing,4,12,WOM1000,Women in STEM,4,12.0,,,,,,,,,,,,,,,,
46680,MrP83,Roberto,Cruz,24,Male,Thailand,Financial Analysis,BCO7002,Experience Management,4,12,,,,,,,,,,,,,,,,,,,,
78367,b6Q31,Carmen,Gonzalez,29,Female,Indonesia,Data Science,BCO7000,Business Analytics,1,12,BCO7006,Coding for Business Analytics,1,12.0,WOM1000,Women in STEM,1,12.0,,,,,,,,,,,,
75114,GI4X3,Ismael,Flores,33,Male,Malaysia,Customer Experience,BEO6000,Data Analysis for Business,3,12,BCO7003,Analytics Project M anagement,1,12.0,BCO6008,Predictive Analytics,2,12.0,,,,,,,,,,,,
42410,03Eh1,Luisa,Garcia,26,Female,Philippines,Business Intelligence,BCO7000,Business Analytics,1,12,BCO7006,Coding for Business Analytics,1,12.0,WOM1000,Women in STEM,1,12.0,,,,,,,,,,,,
55657,r40Uw,Alicia,Martinez,28,Female,Philippines,Data Science,BCO7000,Business Analytics,3,12,BCO7006,Coding for Business Analytics,3,12.0,BEO6600,Business Economics,2,12.0,BEO6000,Data Analysis for Business,3,12.0,BAO6504,Accounting for Management,1,12.0,WOM1000,Women in STEM,2.0,12.0
28284,v4xqB,Angelica,Flores,20,Female,Laos,Leadership and Empowerment,BCO7006,Coding for Business Analytics,1,12,BCO7002,Experience Management,4,12.0,BEO6000,Data Analysis for Business,3,12.0,WOM1000,Women in STEM,3,12.0,,,,,,,,
04627,AaOyy,Ismael,Cruz,32,Male,Singapore,Business Strategy,BCO7000,Business Analytics,1,12,,,,,,,,,,,,,,,,,,,,
70279,B3lBc,Rosa,Martinez,24,Female,Thailand,Quantitative Analysis,BEO6000,Data Analysis for Business,3,12,WOM1000,Women in STEM,3,12.0,,,,,,,,,,,,,,,,
06402,DTvcq,Ismael,Fernandez,23,Male,Malaysia,Economic Theory,BCO7003,Analytics Project M anagement,1,12,,,,,,,,,,,,,,,,,,,,
07687,RI3Bb,Fernando,Torres,19,Male,Singapore,Business Strategy,BCO7003,Analytics Project M anagement,1,12,BCO7007,Machine Learning,2,12.0,BCO7004,Business Data Mining and Warehousing,4,12.0,,,,,,,,,,,,
30959,NgNAs,Roberto,Ramos,21,Male,Vietnam,Customer Experience,BCO7000,Business Analytics,1,12,BCO7006,Coding for Business Analytics,1,12.0,BCO7002,Experience Management,4,12.0,BEO6000,Data Analysis for Business,3,12.0,,,,,,,,
80318,RhuUk,Rosa,Cruz,27,Female,Philippines,Economic Theory,WOM1000,Women in STEM,1,12,BCO7002,Experience Management,4,12.0,,,,,,,,,,,,,,,,
01341,CRFzN,Rosa,Cruz,34,Female,Laos,Market Analysis,BCO7000,Business Analytics,3,12,BCO7006,Coding for Business Analytics,4,12.0,BCO7002,Experience Management,4,12.0,BEO6000,Data Analysis for Business,3,12.0,BCO6008,Predictive Analytics,2,12.0,WOM1000,Women in STEM,4.0,12.0
43485,AhcbU,Carlos,Reyes,32,Male,Cambodia,Economic Theory,BCO7005,Data Security and Governance,2,12,,,,,,,,,,,,,,,,,,,,
03907,q9YHI,Jessica,Martinez,28,Female,Indonesia,Quantitative Analysis,BCO7002,Experience Management,4,12,BEO6000,Data Analysis for Business,3,12.0,WOM1000,Women in STEM,3,12.0,,,,,,,,,,,,
94734,hqHMH,Miguel,Ramos,35,Male,Philippines,Business Intelligence,BAO6504,Accounting for Management,1,12,BCO7004,Business Data Mining and Warehousing,4,12.0,,,,,,,,,,,,,,,,
90475,0Greq,Rosa,Santos,33,Female,Laos,Machine Learning,BCO7007,Machine Learning,2,12,BCO7002,Experience Management,4,12.0,BCO7003,Analytics Project M anagement,1,12.0,WOM1000,Women in STEM,2,12.0,,,,,,,,
29459,AFErM,Veronica,Torres,33,Female,Thailand,General Business Interest,BCO7002,Experience Management,4,12,WOM1000,Women in STEM,4,12.0,,,,,,,,,,,,,,,,
90618,UwOqP,Jessica,Rivera,18,Female,Singapore,Economic Theory,BCO7000,Business Analytics,3,12,BCO7006,Coding for Business Analytics,3,12.0,BEO6000,Data Analysis for Business,3,12.0,BCO7002,Experience Management,4,12.0,BCO7007,Machine Learning,2,12.0,WOM1000,Women in STEM,2.0,12.0
94753,lB2DT,Carlos,Fernandez,26,Male,Laos,Business Strategy,BCO7004,Business Data Mining and Warehousing,4,12,,,,,,,,,,,,,,,,,,,,
47295,5uJdk,Veronica,Torres,30,Female,Cambodia,Data Science,BAO6504,Accounting for Management,1,12,BEO6000,Data Analysis for Business,3,12.0,WOM1000,Women in STEM,3,12.0,,,,,,,,,,,,
58018,PUYCc,Miguel,Garcia,22,Male,Cambodia,Business Strategy,BEO6600,Business Economics,2,12,BCO7002,Experience Management,4,12.0,BEO6000,Data Analysis for Business,3,12.0,,,,,,,,,,,,
28725,QMxah,Carlos,Morales,33,Male,Philippines,General Business Interest,BCO7004,Business Data Mining and Warehousing,4,12,BCO7000,Business Analytics,1,12.0,,,,,,,,,,,,,,,,
42772,6m54p,Luisa,Fernandez,25,Female,Laos,Economic Theory,BCO7002,Experience Management,4,12,WOM1000,Women in STEM,4,12.0,,,,,,,,,,,,,,,,
40110,ON1xw,Miguel,Martinez,23,Male,Thailand,Financial Analysis,BEO6000,Data Analysis for Business,3,12,BCO7004,Business Data Mining and Warehousing,4,12.0,BCO7003,Analytics Project M anagement,1,12.0,,,,,,,,,,,,
25904,GT9SM,Carlos,Torres,32,Male,Laos,Economic Theory,BCO7006,Coding for Business Analytics,1,12,BCO7004,Business Data Mining and Warehousing,4,12.0,,,,,,,,,,,,,,,,
88988,ACxdS,Maria,Morales,34,Female,Malaysia,Data Science,BEO6000,Data Analysis for Business,3,12,WOM1000,Women in STEM,1,12.0,BCO6008,Predictive Analytics,2,12.0,,,,,,,,,,,,
94191,nOCxb,Fernando,Reyes,19,Male,Philippines,Business Strategy,BCO7000,Business Analytics,1,12,BCO7006,Coding for Business Analytics,3,12.0,WOM1000,Women in STEM,1,12.0,BCO7007,Machine Learning,2,12.0,BEO6000,Data Analysis for Business,3,12.0,,,,
83478,pcRpD,Jose,Torres,34,Male,Singapore,Programming (Python),BCO6008,Predictive Analytics,2,12,BCO7003,Analytics Project M anagement,1,12.0,,,,,,,,,,,,,,,,
12968,O8iy6,Jose,Fernandez,30,Male,Vietnam,Data Science,BEO6000,Data Analysis for Business,3,12,WOM1000,Women in STEM,1,12.0,,,,,,,,,,,,,,,,
70585,WX5rG,Veronica,Gonzalez,29,Female,Singapore,Market Analysis,BCO7000,Business Analytics,2,12,BCO7006,Coding for Business Analytics,1,12.0,BCO7005,Data Security and Governance,2,12.0,WOM1000,Women in STEM,2,12.0,,,,,,,,
13081,aUrGP,Jose,Garcia,31,Male,Cambodia,Quantitative Analysis,BCO7006,Coding for Business Analytics,1,12,BCO7007,Machine Learning,2,12.0,,,,,,,,,,,,,,,,
01141,k0Y7h,Angelica,Fernandez,33,Female,Malaysia,Business Strategy,WOM1000,Women in STEM,1,12,BEO6000,Data Analysis for Business,3,12.0,BCO7002,Experience Management,4,12.0,,,,,,,,,,,,
97048,rCBWy,Alberto,Garcia,30,Male,Brunei,Quantitative Analysis,BCO7000,Business Analytics,2,12,BCO7006,Coding for Business Analytics,2,12.0,BCO7007,Machine Learning,2,12.0,,,,,,,,,,,,
05023,2RNi3,Alberto,Torres,35,Male,Singapore,Business Intelligence,BCO7000,Business Analytics,1,12,BCO7007,Machine Learning,2,12.0,BEO6000,Data Analysis for Business,3,12.0,,,,,,,,,,,,
50932,SeWqz,Isabela,Torres,19,Female,Thailand,Financial Analysis,BCO7000,Business Analytics,4,12,BCO7006,Coding for Business Analytics,2,12.0,BCO7007,Machine Learning,2,12.0,BCO7002,Experience Management,4,12.0,WOM1000,Women in STEM,2,12.0,,,,
33123,eH2YN,Miguel,Fernandez,22,Male,Indonesia,Market Analysis,BCO7000,Business Analytics,3,12,BCO7006,Coding for Business Analytics,1,12.0,BEO6000,Data Analysis for Business,3,12.0,,,,,,,,,,,,
46524,Rzg2U,Jose,Morales,32,Male,Philippines,Machine Learning,WOM1000,Women in STEM,1,12,,,,,,,,,,,,,,,,,,,,
05020,uDGU8,Fernando,Ramos,18,Male,Malaysia,Economic Theory,BCO7000,Business Analytics,1,12,BCO7005,Data Security and Governance,2,12.0,BEO6000,Data Analysis for Business,3,12.0,,,,,,,,,,,,
70448,P1aG3,Ismael,Rivera,35,Male,Cambodia,Business Intelligence,BCO7000,Business Analytics,3,12,BCO7006,Coding for Business Analytics,1,12.0,BEO6600,Business Economics,2,12.0,BEO6000,Data Analysis for Business,3,12.0,BCO7003,Analytics Project M anagement,1,12.0,,,,
40504,EhZBO,Ricardo,Garcia,23,Male,Vietnam,Business Intelligence,WOM1000,Women in STEM,1,12,BEO6600,Business Economics,2,12.0,BEO6000,Data Analysis for Business,3,12.0,,,,,,,,,,,,
72747,itRvU,Luisa,Rivera,24,Female,Vietnam,Market Analysis,BEO6000,Data Analysis for Business,3,12,WOM1000,Women in STEM,1,12.0,,,,,,,,,,,,,,,,
51633,ECIBI,Ricardo,Garcia,22,Male,Myanmar,General Business Interest,BCO7000,Business Analytics,1,12,BCO7006,Coding for Business Analytics,2,12.0,BCO7007,Machine Learning,2,12.0,BAO6504,Accounting for Management,1,12.0,,,,,,,,
42019,pCpXK,Luisa,Gonzalez,26,Female,Thailand,Programming (Python),BCO6008,Predictive Analytics,2,12,BCO7002,Experience Management,4,12.0,BEO6000,Data Analysis for Business,3,12.0,WOM1000,Women in STEM,3,12.0,,,,,,,,
96512,y59SI,Angelica,Ramos,35,Female,Cambodia,Data Science,BCO7004,Business Data Mining and Warehousing,4,12,WOM1000,Women in STEM,1,12.0,BEO6600,Business Economics,2,12.0,,,,,,,,,,,,
44355,xT982,Alicia,Ramos,28,Female,Thailand,General Business Interest,WOM1000,Women in STEM,1,12,BCO7007,Machine Learning,2,12.0,,,,,,,,,,,,,,,,
16023,z4ypo,Juan,Fernandez,18,Male,Malaysia,Programming (Python),BCO7002,Experience Management,4,12,BCO7006,Coding for Business Analytics,1,12.0,,,,,,,,,,,,,,,,
25583,C3sLV,Antonio,Fernandez,22,Male,Singapore,Market Analysis,BCO7000,Business Analytics,1,12,BCO7002,Experience Management,4,12.0,,,,,,,,,,,,,,,,
60811,pl5s1,Carlos,Torres,35,Male,Malaysia,General Business Interest,BEO6000,Data Analysis for Business,3,12,BCO7004,Business Data Mining and Warehousing,4,12.0,BCO6008,Predictive Analytics,2,12.0,,,,,,,,,,,,
62141,WvsuU,Roberto,Cruz,18,Male,Malaysia,Economic Theory,BCO7004,Business Data Mining and Warehousing,4,12,,,,,,,,,,,,,,,,,,,,
13392,vJeRX,Alicia,Reyes,22,Female,Thailand,Customer Experience,BAO6504,Accounting for Management,1,12,BEO6000,Data Analysis for Business,3,12.0,WOM1000,Women in STEM,1,12.0,,,,,,,,,,,,
91600,VE5Ek,Angelica,Martinez,27,Female,Malaysia,Leadership and Empowerment,BCO7005,Data Security and Governance,2,12,WOM1000,Women in STEM,2,12.0,,,,,,,,,,,,,,,,
38131,b2bIn,Carlos,Martinez,34,Male,Thailand,Programming (Python),BCO7004,Business Data Mining and Warehousing,4,12,BEO6000,Data Analysis for Business,3,12.0,BCO7006,Coding for Business Analytics,1,12.0,,,,,,,,,,,,
48622,UAXdO,Rosa,Martinez,35,Female,Cambodia,Quantitative Analysis,BCO7000,Business Analytics,3,12,BCO7006,Coding for Business Analytics,1,12.0,BEO6600,Business Economics,2,12.0,BEO6000,Data Analysis for Business,3,12.0,WOM1000,Women in STEM,2,12.0,,,,
32929,JeocJ,Isabela,Morales,23,Female,Singapore,Economic Theory,BCO7002,Experience Management,4,12,BEO6000,Data Analysis for Business,3,12.0,WOM1000,Women in STEM,3,12.0,,,,,,,,,,,,
29480,d7byK,Ricardo,Garcia,27,Male,Laos,Programming (Python),WOM1000,Women in STEM,1,12,,,,,,,,,,,,,,,,,,,,
38577,owHA9,Alberto,Cruz,35,Male,Cambodia,Programming (Python),BCO7004,Business Data Mining and Warehousing,4,12,BEO6000,Data Analysis for Business,3,12.0,WOM1000,Women in STEM,1,12.0,,,,,,,,,,,,
32516,35KTr,Ricardo,Martinez,29,Male,Cambodia,Data Science,BEO6000,Data Analysis for Business,3,12,,,,,,,,,,,,,,,,,,,,
35563,HlLtU,Veronica,Martinez,30,Female,Thailand,Business Intelligence,BCO7002,Experience Management,4,12,BEO6000,Data Analysis for Business,3,12.0,WOM1000,Women in STEM,4,12.0,,,,,,,,,,,,
44490,8gjFq,Jose,Gonzalez,31,Male,Cambodia,Business Intelligence,BCO7007,Machine Learning,2,12,,,,,,,,,,,,,,,,,,,,
60931,yPTLw,Jose,Cruz,29,Male,Thailand,Programming (Python),BCO7000,Business Analytics,4,12,BCO7006,Coding for Business Analytics,2,12.0,BCO7004,Business Data Mining and Warehousing,4,12.0,BEO6600,Business Economics,2,12.0,,,,,,,,
43741,fly3I,Angelica,Martinez,29,Female,Myanmar,Customer Experience,BEO6600,Business Economics,2,12,BCO7004,Business Data Mining and Warehousing,4,12.0,WOM1000,Women in STEM,2,12.0,,,,,,,,,,,,
07199,QOp8I,Isabela,Santos,33,Female,Myanmar,Data Science,BCO7007,Machine Learning,2,12,BEO6000,Data Analysis for Business,3,12.0,BCO7002,Experience Management,4,12.0,WOM1000,Women in STEM,3,12.0,,,,,,,,
46379,AFGR0,Rosa,Santos,22,Female,Singapore,Customer Experience,BCO7002,Experience Management,4,12,BCO7005,Data Security and Governance,2,12.0,WOM1000,Women in STEM,4,12.0,,,,,,,,,,,,
99193,J5RCP,Carlos,Gonzalez,29,Male,Singapore,Financial Analysis,BCO7000,Business Analytics,1,12,BCO7006,Coding for Business Analytics,1,12.0,BCO7003,Analytics Project M anagement,1,12.0,,,,,,,,,,,,
44382,8a2YY,Sofia,Garcia,30,Female,Cambodia,Quantitative Analysis,BCO7004,Business Data Mining and Warehousing,4,12,BCO7005,Data Security and Governance,2,12.0,BCO7003,Analytics Project M anagement,1,12.0,WOM1000,Women in STEM,4,12.0,,,,,,,,
40287,Mox6H,Miguel,Cruz,30,Male,Laos,Data Science,WOM1000,Women in STEM,1,12,BCO7004,Business Data Mining and Warehousing,4,12.0,,,,,,,,,,,,,,,,
57030,BvsAG,Veronica,Ramos,24,Female,Philippines,Economic Theory,BCO6008,Predictive Analytics,2,12,BCO7004,Business Data Mining and Warehousing,4,12.0,BCO7003,Analytics Project M anagement,1,12.0,WOM1000,Women in STEM,4,12.0,,,,,,,,
53531,XN7D9,Rosa,Morales,30,Female,Malaysia,Economic Theory,WOM1000,Women in STEM,1,12,,,,,,,,,,,,,,,,,,,,
33473,AjBA7,Alicia,Reyes,35,Female,Vietnam,Economic Theory,BEO6000,Data Analysis for Business,3,12,WOM1000,Women in STEM,3,12.0,,,,,,,,,,,,,,,,
70014,Y0OZr,Rosa,Rivera,22,Female,Vietnam,Programming (Python),BCO7007,Machine Learning,2,12,BEO6000,Data Analysis for Business,3,12.0,WOM1000,Women in STEM,2,12.0,,,,,,,,,,,,
84145,YHhJo,Angelica,Gonzalez,21,Female,Vietnam,Business Strategy,BEO6000,Data Analysis for Business,3,12,BAO6504,Accounting for Management,1,12.0,BCO7004,Business Data Mining and Warehousing,4,12.0,WOM1000,Women in STEM,3,12.0,,,,,,,,
61449,WxNhp,Alicia,Morales,18,Female,Brunei,Market Analysis,BEO6000,Data Analysis for Business,3,12,WOM1000,Women in STEM,3,12.0,,,,,,,,,,,,,,,,
67494,KC6T0,Ismael,Fernandez,35,Male,Brunei,Customer Experience,BCO7000,Business Analytics,2,12,BCO7006,Coding for Business Analytics,2,12.0,BCO6008,Predictive Analytics,2,12.0,BEO6000,Data Analysis for Business,3,12.0,,,,,,,,
75254,qVWw4,Antonio,Martinez,30,Male,Philippines,Customer Experience,BEO6000,Data Analysis for Business,3,12,,,,,,,,,,,,,,,,,,,,
64669,F0Bku,Ismael,Cruz,20,Male,Indonesia,Data Science,BCO7004,Business Data Mining and Warehousing,4,12,BCO7005,Data Security and Governance,2,12.0,BEO6000,Data Analysis for Business,3,12.0,,,,,,,,,,,,
73089,YwfHu,Fernando,Reyes,30,Male,Malaysia,General Business Interest,BEO6000,Data Analysis for Business,3,12,,,,,,,,,,,,,,,,,,,,
61171,kyeqG,Isabela,Cruz,30,Female,Vietnam,Quantitative Analysis,BCO7002,Experience Management,4,12,BEO6000,Data Analysis for Business,3,12.0,BCO7000,Business Analytics,1,12.0,WOM1000,Women in STEM,3,12.0,,,,,,,,
09363,Q9JL7,Carmen,Santos,24,Female,Myanmar,Data Science,BEO6600,Business Economics,2,12,BEO6000,Data Analysis for Business,3,12.0,WOM1000,Women in STEM,1,12.0,,,,,,,,,,,,
69743,1dDUy,Sofia,Morales,23,Female,Singapore,General Business Interest,BCO7000,Business Analytics,2,12,BCO7006,Coding for Business Analytics,4,12.0,BCO7004,Business Data Mining and Warehousing,4,12.0,BCO7007,Machine Learning,2,12.0,WOM1000,Women in STEM,4,12.0,,,,
24806,G90t3,Jose,Flores,35,Male,Malaysia,Quantitative Analysis,BCO7000,Business Analytics,1,12,BCO7006,Coding for Business Analytics,4,12.0,BEO6000,Data Analysis for Business,3,12.0,BCO7004,Business Data Mining and Warehousing,4,12.0,BAO6504,Accounting for Management,1,12.0,,,,
18543,XdBX3,Alicia,Flores,33,Female,Indonesia,Business Strategy,BEO6000,Data Analysis for Business,3,12,WOM1000,Women in STEM,3,12.0,,,,,,,,,,,,,,,,
66406,p4CKa,Jessica,Martinez,26,Female,Indonesia,Financial Analysis,BEO6600,Business Economics,2,12,BCO7004,Business Data Mining and Warehousing,4,12.0,BEO6000,Data Analysis for Business,3,12.0,WOM1000,Women in STEM,4,12.0,,,,,,,,
43461,Ex0WF,Ricardo,Reyes,34,Male,Thailand,Business Intelligence,BCO7000,Business Analytics,2,12,BCO7006,Coding for Business Analytics,2,12.0,BCO7005,Data Security and Governance,2,12.0,BCO7004,Business Data Mining and Warehousing,4,12.0,,,,,,,,
19611,YnrC1,Veronica,Rivera,34,Female,Malaysia,Quantitative Analysis,BCO7002,Experience Management,4,12,BCO7003,Analytics Project M anagement,1,12.0,BEO6000,Data Analysis for Business,3,12.0,WOM1000,Women in STEM,3,12.0,,,,,,,,
19887,NVJ4W,Ricardo,Martinez,35,Male,Philippines,Business Intelligence,BCO7006,Coding for Business Analytics,1,12,BCO7005,Data Security and Governance,2,12.0,,,,,,,,,,,,,,,,
96269,bzZ7H,Maria,Morales,21,Female,Indonesia,Business Strategy,WOM1000,Women in STEM,1,12,BCO7004,Business Data Mining and Warehousing,4,12.0,,,,,,,,,,,,,,,,
85888,QS9Ny,Isabela,Torres,24,Female,Vietnam,Financial Analysis,BCO6008,Predictive Analytics,2,12,WOM1000,Women in STEM,2,12.0,,,,,,,,,,,,,,,,
86057,kADF1,Alicia,Garcia,29,Female,Brunei,Customer Experience,BCO7002,Experience Management,4,12,BCO7000,Business Analytics,1,12.0,WOM1000,Women in STEM,4,12.0,,,,,,,,,,,,
39238,pBy5c,Antonio,Cruz,20,Male,Brunei,Business Intelligence,BCO7007,Machine Learning,2,12,BCO7003,Analytics Project M anagement,1,12.0,BCO7004,Business Data Mining and Warehousing,4,12.0,,,,,,,,,,,,
69857,KAm4n,Alicia,Fernandez,33,Female,Indonesia,Machine Learning,BCO7004,Business Data Mining and Warehousing,4,12,BAO6504,Accounting for Management,1,12.0,WOM1000,Women in STEM,4,12.0,,,,,,,,,,,,
41073,mx5hk,Alicia,Santos,26,Female,Thailand,Machine Learning,BCO7005,Data Security and Governance,2,12,BCO7003,Analytics Project M anagement,1,12.0,BCO7004,Business Data Mining and Warehousing,4,12.0,WOM1000,Women in STEM,1,12.0,,,,,,,,
84488,7sctl,Antonio,Gonzalez,28,Male,Philippines,General Business Interest,BCO7002,Experience Management,4,12,BCO6008,Predictive Analytics,2,12.0,,,,,,,,,,,,,,,,
80544,gBq5A,Rosa,Torres,25,Female,Vietnam,Programming (Python),BCO6008,Predictive Analytics,2,12,BCO7002,Experience Management,4,12.0,WOM1000,Women in STEM,4,12.0,,,,,,,,,,,,
40899,DR8uK,Jose,Flores,34,Male,Malaysia,Business Strategy,BCO7000,Business Analytics,4,12,BCO7006,Coding for Business Analytics,4,12.0,BCO7004,Business Data Mining and Warehousing,4,12.0,,,,,,,,,,,,
59958,tW2YC,Maria,Gonzalez,26,Female,Laos,General Business Interest,BCO6008,Predictive Analytics,2,12,BEO6000,Data Analysis for Business,3,12.0,BCO7003,Analytics Project M anagement,1,12.0,WOM1000,Women in STEM,3,12.0,,,,,,,,
31010,i96NS,Antonio,Morales,26,Male,Cambodia,Programming (Python),BCO7002,Experience Management,4,12,BCO7005,Data Security and Governance,2,12.0,BAO6504,Accounting for Management,1,12.0,,,,,,,,,,,,
76236,18Um6,Rosa,Santos,31,Female,Vietnam,Leadership and Empowerment,BCO6008,Predictive Analytics,2,12,BCO7000,Business Analytics,1,12.0,WOM1000,Women in STEM,1,12.0,,,,,,,,,,,,
49244,wnDC3,Rosa,Reyes,18,Female,Cambodia,Business Strategy,BEO6000,Data Analysis for Business,3,12,WOM1000,Women in STEM,3,12.0,,,,,,,,,,,,,,,,
82915,SO6rY,Ismael,Reyes,35,Male,Myanmar,Customer Experience,BCO7003,Analytics Project M anagement,1,12,BEO6600,Business Economics,2,12.0,,,,,,,,,,,,,,,,
75804,jZnic,Antonio,Cruz,20,Male,Myanmar,Quantitative Analysis,BCO7000,Business Analytics,1,12,BEO6600,Business Economics,2,12.0,BCO7002,Experience Management,4,12.0,,,,,,,,,,,,
89580,15eBX,Rosa,Flores,28,Female,Brunei,General Business Interest,BEO6600,Business Economics,2,12,BEO6000,Data Analysis for Business,3,12.0,WOM1000,Women in STEM,1,12.0,,,,,,,,,,,,
27071,lJ9pe,Angelica,Santos,18,Female,Vietnam,Quantitative Analysis,BEO6000,Data Analysis for Business,3,12,WOM1000,Women in STEM,3,12.0,,,,,,,,,,,,,,,,
83699,sjs9t,Angelica,Gonzalez,35,Female,Thailand,Economic Theory,BCO7000,Business Analytics,1,12,BCO7006,Coding for Business Analytics,1,12.0,WOM1000,Women in STEM,1,12.0,,,,,,,,,,,,
52797,eTCHu,Carmen,Ramos,31,Female,Myanmar,Financial Analysis,BAO6504,Accounting for Management,1,12,BCO7005,Data Security and Governance,2,12.0,BCO7002,Experience Management,4,12.0,WOM1000,Women in STEM,2,12.0,,,,,,,,
22441,HRiI7,Antonio,Reyes,32,Male,Thailand,Business Strategy,BCO7007,Machine Learning,2,12,BEO6000,Data Analysis for Business,3,12.0,,,,,,,,,,,,,,,,
46063,vjkWF,Jessica,Garcia,19,Female,Vietnam,Business Intelligence,BCO7003,Analytics Project M anagement,1,12,BEO6000,Data Analysis for Business,3,12.0,BCO7005,Data Security and Governance,2,12.0,WOM1000,Women in STEM,1,12.0,,,,,,,,
74133,yZfnI,Jose,Santos,24,Male,Vietnam,Business Intelligence,BCO7002,Experience Management,4,12,,,,,,,,,,,,,,,,,,,,
07280,Ni3Ng,Rosa,Torres,33,Female,Cambodia,Economic Theory,BCO7004,Business Data Mining and Warehousing,4,12,BCO7005,Data Security and Governance,2,12.0,BEO6000,Data Analysis for Business,3,12.0,WOM1000,Women in STEM,3,12.0,,,,,,,,
81497,eIIwc,Carmen,Morales,18,Female,Singapore,Business Intelligence,BEO6000,Data Analysis for Business,3,12,BCO7000,Business Analytics,1,12.0,WOM1000,Women in STEM,1,12.0,,,,,,,,,,,,
25670,o5ZpW,Carmen,Garcia,31,Female,Indonesia,Market Analysis,WOM1000,Women in STEM,1,12,,,,,,,,,,,,,,,,,,,,
13856,wnQOo,Alberto,Gonzalez,24,Male,Myanmar,Market Analysis,BCO7000,Business Analytics,3,12,BCO7006,Coding for Business Analytics,3,12.0,BEO6000,Data Analysis for Business,3,12.0,,,,,,,,,,,,
56979,GaFg2,Miguel,Rivera,20,Male,Cambodia,Business Intelligence,BCO7000,Business Analytics,3,12,BCO7006,Coding for Business Analytics,3,12.0,BEO6000,Data Analysis for Business,3,12.0,,,,,,,,,,,,
68529,VBvCI,Roberto,Flores,21,Male,Philippines,General Business Interest,BEO6000,Data Analysis for Business,3,12,,,,,,,,,,,,,,,,,,,,
43198,KbBnT,Miguel,Santos,31,Male,Thailand,Business Strategy,BCO7005,Data Security and Governance,2,12,BCO7003,Analytics Project M anagement,1,12.0,BCO7002,Experience Management,4,12.0,,,,,,,,,,,,
88372,C8Qy3,Ismael,Morales,24,Male,Myanmar,Machine Learning,BCO7006,Coding for Business Analytics,1,12,BCO7007,Machine Learning,2,12.0,,,,,,,,,,,,,,,,
53885,zTwsv,Carlos,Reyes,23,Male,Brunei,Quantitative Analysis,BCO7000,Business Analytics,1,12,BEO6000,Data Analysis for Business,3,12.0,BCO7002,Experience Management,4,12.0,,,,,,,,,,,,
19254,bNeVg,Veronica,Garcia,21,Female,Thailand,Customer Experience,BEO6000,Data Analysis for Business,3,12,WOM1000,Women in STEM,1,12.0,,,,,,,,,,,,,,,,
43568,WNh5S,Angelica,Fernandez,28,Female,Thailand,Market Analysis,BEO6000,Data Analysis for Business,3,12,BCO6008,Predictive Analytics,2,12.0,WOM1000,Women in STEM,3,12.0,,,,,,,,,,,,
22302,2wkdc,Alicia,Rivera,18,Female,Cambodia,Financial Analysis,BEO6000,Data Analysis for Business,3,12,BCO7002,Experience Management,4,12.0,BCO7005,Data Security and Governance,2,12.0,WOM1000,Women in STEM,3,12.0,,,,,,,,
37010,Kqssx,Rosa,Cruz,30,Female,Brunei,Business Strategy,BEO6000,Data Analysis for Business,3,12,BEO6600,Business Economics,2,12.0,WOM1000,Women in STEM,1,12.0,,,,,,,,,,,,
68418,D9qLV,Carmen,Gonzalez,30,Female,Myanmar,Economic Theory,BCO7002,Experience Management,4,12,BCO6008,Predictive Analytics,2,12.0,WOM1000,Women in STEM,4,12.0,,,,,,,,,,,,
24542,QsbFl,Juan,Flores,18,Male,Brunei,Business Strategy,BCO7000,Business Analytics,3,12,BCO7006,Coding for Business Analytics,2,12.0,BEO6000,Data Analysis for Business,3,12.0,BCO7007,Machine Learning,2,12.0,,,,,,,,
17683,85Lco,Fernando,Flores,28,Male,Malaysia,Quantitative Analysis,BCO7000,Business Analytics,2,12,BCO7006,Coding for Business Analytics,2,12.0,BEO6600,Business Economics,2,12.0,,,,,,,,,,,,
58073,f1nnc,Veronica,Santos,35,Female,Singapore,Market Analysis,BCO7005,Data Security and Governance,2,12,BCO7002,Experience Management,4,12.0,BEO6000,Data Analysis for Business,3,12.0,WOM1000,Women in STEM,3,12.0,,,,,,,,
13830,FTQsB,Angelica,Martinez,18,Female,Brunei,Quantitative Analysis,BCO7003,Analytics Project M anagement,1,12,BCO7004,Business Data Mining and Warehousing,4,12.0,WOM1000,Women in STEM,1,12.0,,,,,,,,,,,,
36716,sI77t,Luisa,Cruz,23,Female,Indonesia,Customer Experience,BCO7004,Business Data Mining and Warehousing,4,12,WOM1000,Women in STEM,4,12.0,,,,,,,,,,,,,,,,
20045,e6M75,Fernando,Ramos,27,Male,Vietnam,Data Science,BCO7000,Business Analytics,1,12,BCO7007,Machine Learning,2,12.0,BCO7004,Business Data Mining and Warehousing,4,12.0,,,,,,,,,,,,
97808,ZtiU2,Isabela,Fernandez,34,Female,Vietnam,Programming (Python),BCO7007,Machine Learning,2,12,BEO6000,Data Analysis for Business,3,12.0,BAO6504,Accounting for Management,1,12.0,WOM1000,Women in STEM,1,12.0,,,,,,,,
61831,Un1Vm,Juan,Martinez,26,Male,Malaysia,Customer Experience,BCO7000,Business Analytics,3,12,BCO7006,Coding for Business Analytics,1,12.0,BCO7002,Experience Management,4,12.0,BEO6000,Data Analysis for Business,3,12.0,,,,,,,,
23630,PQH58,Ismael,Cruz,22,Male,Brunei,Business Strategy,BCO7006,Coding for Business Analytics,1,12,BCO7004,Business Data Mining and Warehousing,4,12.0,BEO6600,Business Economics,2,12.0,,,,,,,,,,,,
29924,xIcMJ,Juan,Ramos,34,Male,Brunei,Customer Experience,BCO7004,Business Data Mining and Warehousing,4,12,BCO7003,Analytics Project M anagement,1,12.0,,,,,,,,,,,,,,,,
33664,gLhru,Ricardo,Santos,22,Male,Vietnam,General Business Interest,BCO7000,Business Analytics,4,12,BCO7006,Coding for Business Analytics,4,12.0,BCO7002,Experience Management,4,12.0,BCO6008,Predictive Analytics,2,12.0,,,,,,,,
00590,Uhw5S,Alberto,Torres,18,Male,Singapore,Market Analysis,BEO6000,Data Analysis for Business,3,12,BCO7004,Business Data Mining and Warehousing,4,12.0,,,,,,,,,,,,,,,,
31789,uJRxL,Isabela,Ramos,26,Female,Myanmar,Market Analysis,BCO6008,Predictive Analytics,2,12,WOM1000,Women in STEM,1,12.0,BCO7004,Business Data Mining and Warehousing,4,12.0,,,,,,,,,,,,
78768,0DjCJ,Sofia,Martinez,32,Female,Brunei,Quantitative Analysis,BCO7003,Analytics Project M anagement,1,12,WOM1000,Women in STEM,1,12.0,,,,,,,,,,,,,,,,
25030,rZ6DG,Fernando,Fernandez,21,Male,Indonesia,Financial Analysis,BCO7000,Business Analytics,1,12,,,,,,,,,,,,,,,,,,,,
12203,hziDB,Miguel,Cruz,22,Male,Cambodia,Machine Learning,BEO6000,Data Analysis for Business,3,12,BCO7002,Experience Management,4,12.0,,,,,,,,,,,,,,,,
28838,K44DJ,Juan,Fernandez,18,Male,Singapore,Machine Learning,BEO6000,Data Analysis for Business,3,12,BCO7005,Data Security and Governance,2,12.0,,,,,,,,,,,,,,,,
46880,OJbi5,Fernando,Fernandez,22,Male,Laos,Financial Analysis,BCO7004,Business Data Mining and Warehousing,4,12,BEO6000,Data Analysis for Business,3,12.0,BCO7005,Data Security and Governance,2,12.0,,,,,,,,,,,,
91624,0fI03,Angelica,Torres,34,Female,Malaysia,Customer Experience,BCO6008,Predictive Analytics,2,12,WOM1000,Women in STEM,2,12.0,,,,,,,,,,,,,,,,
46488,xSLLU,Rosa,Gonzalez,20,Female,Thailand,Data Science,BCO7003,Analytics Project M anagement,1,12,BCO6008,Predictive Analytics,2,12.0,WOM1000,Women in STEM,1,12.0,,,,,,,,,,,,
43384,0P9oh,Roberto,Ramos,21,Male,Malaysia,Business Strategy,WOM1000,Women in STEM,1,12,,,,,,,,,,,,,,,,,,,,
13801,IOks8,Maria,Santos,25,Female,Philippines,Data Science,WOM1000,Women in STEM,1,12,BEO6000,Data Analysis for Business,3,12.0,BEO6600,Business Economics,2,12.0,,,,,,,,,,,,
95242,BWGfP,Antonio,Ramos,21,Male,Indonesia,Economic Theory,BEO6000,Data Analysis for Business,3,12,WOM1000,Women in STEM,1,12.0,BEO6600,Business Economics,2,12.0,,,,,,,,,,,,
91513,9pPbq,Roberto,Rivera,34,Male,Philippines,Customer Experience,BEO6000,Data Analysis for Business,3,12,,,,,,,,,,,,,,,,,,,,
81536,xa8Fn,Ricardo,Reyes,28,Male,Malaysia,Financial Analysis,BCO7000,Business Analytics,4,12,BCO7006,Coding for Business Analytics,4,12.0,BCO7002,Experience Management,4,12.0,,,,,,,,,,,,
66690,jJeub,Luisa,Ramos,33,Female,Singapore,Business Intelligence,BEO6000,Data Analysis for Business,3,12,WOM1000,Women in STEM,3,12.0,,,,,,,,,,,,,,,,
88956,vH9aG,Sofia,Gonzalez,23,Female,Laos,Leadership and Empowerment,BCO7006,Coding for Business Analytics,1,12,BEO6600,Business Economics,2,12.0,WOM1000,Women in STEM,2,12.0,,,,,,,,,,,,
77121,JH1i6,Fernando,Ramos,26,Male,Indonesia,Programming (Python),BCO7000,Business Analytics,1,12,BCO7004,Business Data Mining and Warehousing,4,12.0,,,,,,,,,,,,,,,,
02054,U4nUt,Luisa,Reyes,32,Female,Myanmar,Business Strategy,BCO7000,Business Analytics,3,12,BCO7006,Coding for Business Analytics,3,12.0,BCO7004,Business Data Mining and Warehousing,4,12.0,BEO6000,Data Analysis for Business,3,12.0,BAO6504,Accounting for Management,1,12.0,WOM1000,Women in STEM,3.0,12.0
65361,VKyea,Jose,Rivera,24,Male,Thailand,Quantitative Analysis,BEO6000,Data Analysis for Business,3,12,,,,,,,,,,,,,,,,,,,,
75509,x97Hg,Juan,Garcia,21,Male,Myanmar,Financial Analysis,BCO7002,Experience Management,4,12,WOM1000,Women in STEM,1,12.0,BEO6000,Data Analysis for Business,3,12.0,,,,,,,,,,,,
20600,pl0rE,Ricardo,Cruz,24,Male,Cambodia,Quantitative Analysis,BCO7003,Analytics Project M anagement,1,12,BEO6000,Data Analysis for Business,3,12.0,,,,,,,,,,,,,,,,
49938,FQPJA,Roberto,Santos,33,Male,Malaysia,Business Intelligence,BCO7005,Data Security and Governance,2,12,BCO7000,Business Analytics,1,12.0,,,,,,,,,,,,,,,,
77568,CKY0q,Roberto,Santos,20,Male,Malaysia,Financial Analysis,BCO6008,Predictive Analytics,2,12,BEO6000,Data Analysis for Business,3,12.0,BCO7002,Experience Management,4,12.0,,,,,,,,,,,,
29037,GCU4k,Maria,Gonzalez,34,Female,Myanmar,Business Intelligence,BCO7007,Machine Learning,2,12,BEO6000,Data Analysis for Business,3,12.0,BCO7004,Business Data Mining and Warehousing,4,12.0,WOM1000,Women in STEM,4,12.0,,,,,,,,
05847,f88Ak,Angelica,Cruz,30,Female,Indonesia,Machine Learning,BEO6600,Business Economics,2,12,BEO6000,Data Analysis for Business,3,12.0,BCO7004,Business Data Mining and Warehousing,4,12.0,WOM1000,Women in STEM,4,12.0,,,,,,,,
02047,Rd5Jo,Jose,Flores,33,Male,Philippines,Quantitative Analysis,BEO6000,Data Analysis for Business,3,12,BCO7002,Experience Management,4,12.0,BEO6600,Business Economics,2,12.0,,,,,,,,,,,,
78335,cqHXJ,Carmen,Fernandez,35,Female,Brunei,Economic Theory,BCO7000,Business Analytics,1,12,BCO7006,Coding for Business Analytics,1,12.0,BAO6504,Accounting for Management,1,12.0,WOM1000,Women in STEM,1,12.0,,,,,,,,
31174,L9g41,Alberto,Martinez,18,Male,Myanmar,Market Analysis,BCO7000,Business Analytics,3,12,BCO7006,Coding for Business Analytics,3,12.0,BEO6000,Data Analysis for Business,3,12.0,BCO7003,Analytics Project M anagement,1,12.0,,,,,,,,
54368,J13ns,Antonio,Rivera,31,Male,Singapore,Business Intelligence,BCO7004,Business Data Mining and Warehousing,4,12,BCO7000,Business Analytics,1,12.0,BEO6000,Data Analysis for Business,3,12.0,,,,,,,,,,,,
68459,3QWs5,Juan,Torres,33,Male,Malaysia,Business Strategy,BAO6504,Accounting for Management,1,12,BEO6000,Data Analysis for Business,3,12.0,BCO7007,Machine Learning,2,12.0,,,,,,,,,,,,
60856,QIjiq,Sofia,Reyes,34,Female,Philippines,Leadership and Empowerment,BEO6000,Data Analysis for Business,3,12,WOM1000,Women in STEM,3,12.0,,,,,,,,,,,,,,,,
95258,ORMMn,Roberto,Morales,31,Male,Singapore,Data Science,BCO7002,Experience Management,4,12,BCO7007,Machine Learning,2,12.0,BEO6000,Data Analysis for Business,3,12.0,,,,,,,,,,,,
26985,euMkn,Ismael,Reyes,24,Male,Brunei,Financial Analysis,BCO7002,Experience Management,4,12,,,,,,,,,,,,,,,,,,,,
22295,OWU5F,Carlos,Santos,22,Male,Philippines,Programming (Python),BCO7007,Machine Learning,2,12,BEO6000,Data Analysis for Business,3,12.0,BCO7002,Experience Management,4,12.0,,,,,,,,,,,,
71313,c8QIs,Luisa,Torres,27,Female,Cambodia,General Business Interest,BCO7000,Business Analytics,4,12,BCO7006,Coding for Business Analytics,2,12.0,BCO7002,Experience Management,4,12.0,BCO7007,Machine Learning,2,12.0,WOM1000,Women in STEM,4,12.0,,,,
41024,6U3az,Maria,Morales,33,Female,Vietnam,Leadership and Empowerment,BEO6000,Data Analysis for Business,3,12,BCO7005,Data Security and Governance,2,12.0,WOM1000,Women in STEM,3,12.0,,,,,,,,,,,,
01430,V79Ao,Antonio,Reyes,32,Male,Singapore,Customer Experience,BCO7004,Business Data Mining and Warehousing,4,12,,,,,,,,,,,,,,,,,,,,
73234,kv4q5,Miguel,Garcia,23,Male,Vietnam,Programming (Python),BCO6008,Predictive Analytics,2,12,,,,,,,,,,,,,,,,,,,,
40894,2pTW5,Alberto,Martinez,31,Male,Myanmar,Programming (Python),BCO7004,Business Data Mining and Warehousing,4,12,BEO6000,Data Analysis for Business,3,12.0,,,,,,,,,,,,,,,,
27677,tLzNw,Alicia,Torres,25,Female,Indonesia,Business Strategy,BCO7000,Business Analytics,2,12,BCO7006,Coding for Business Analytics,2,12.0,BEO6600,Business Economics,2,12.0,BCO7004,Business Data Mining and Warehousing,4,12.0,BEO6000,Data Analysis for Business,3,12.0,WOM1000,Women in STEM,3.0,12.0
90676,09UWk,Sofia,Gonzalez,21,Female,Cambodia,Data Science,BCO7000,Business Analytics,1,12,BCO7006,Coding for Business Analytics,1,12.0,BCO7004,Business Data Mining and Warehousing,4,12.0,BCO7003,Analytics Project M anagement,1,12.0,BCO6008,Predictive Analytics,2,12.0,WOM1000,Women in STEM,1.0,12.0
85969,s9srA,Jose,Flores,25,Male,Indonesia,Data Science,BCO7000,Business Analytics,3,12,BCO7006,Coding for Business Analytics,1,12.0,BEO6000,Data Analysis for Business,3,12.0,BCO7005,Data Security and Governance,2,12.0,BAO6504,Accounting for Management,1,12.0,,,,
53314,gvWmn,Jose,Rivera,33,Male,Brunei,Programming (Python),BCO7004,Business Data Mining and Warehousing,4,12,BEO6000,Data Analysis for Business,3,12.0,,,,,,,,,,,,,,,,
12523,U9Vg1,Juan,Fernandez,19,Male,Myanmar,Business Intelligence,BCO7002,Experience Management,4,12,BEO6000,Data Analysis for Business,3,12.0,BCO7000,Business Analytics,1,12.0,,,,,,,,,,,,
79641,jj9Ee,Alberto,Flores,20,Male,Cambodia,Programming (Python),BCO6008,Predictive Analytics,2,12,,,,,,,,,,,,,,,,,,,,
34035,Fdast,Antonio,Flores,23,Male,Laos,Business Intelligence,BCO7000,Business Analytics,1,12,BCO7006,Coding for Business Analytics,4,12.0,BAO6504,Accounting for Management,1,12.0,BEO6000,Data Analysis for Business,3,12.0,BCO7002,Experience Management,4,12.0,,,,
87443,S0Rim,Ricardo,Garcia,35,Male,Philippines,Programming (Python),BCO7003,Analytics Project M anagement,1,12,,,,,,,,,,,,,,,,,,,,
00277,hh8tc,Miguel,Gonzalez,33,Male,Cambodia,Business Intelligence,BCO7004,Business Data Mining and Warehousing,4,12,BCO6008,Predictive Analytics,2,12.0,,,,,,,,,,,,,,,,
25469,LY8Z6,Angelica,Martinez,25,Female,Malaysia,Market Analysis,WOM1000,Women in STEM,1,12,,,,,,,,,,,,,,,,,,,,
99289,awr0W,Rosa,Garcia,31,Female,Singapore,Machine Learning,BCO7004,Business Data Mining and Warehousing,4,12,WOM1000,Women in STEM,1,12.0,,,,,,,,,,,,,,,,
22614,M0Gq4,Ricardo,Santos,22,Male,Brunei,Machine Learning,BCO6008,Predictive Analytics,2,12,BCO7004,Business Data Mining and Warehousing,4,12.0,,,,,,,,,,,,,,,,
37397,OvEhf,Antonio,Torres,25,Male,Vietnam,Financial Analysis,BCO7000,Business Analytics,1,12,,,,,,,,,,,,,,,,,,,,
69365,c8Dif,Jessica,Gonzalez,35,Female,Cambodia,Financial Analysis,BCO7000,Business Analytics,1,12,BCO7006,Coding for Business Analytics,3,12.0,BEO6000,Data Analysis for Business,3,12.0,BAO6504,Accounting for Management,1,12.0,BEO6600,Business Economics,2,12.0,WOM1000,Women in STEM,2.0,12.0
47920,O2GS4,Isabela,Gonzalez,21,Female,Malaysia,Customer Experience,BCO7003,Analytics Project M anagement,1,12,BCO6008,Predictive Analytics,2,12.0,BEO6000,Data Analysis for Business,3,12.0,WOM1000,Women in STEM,1,12.0,,,,,,,,
78421,KWbUY,Maria,Fernandez,23,Female,Singapore,Leadership and Empowerment,BCO7000,Business Analytics,3,12,BCO7006,Coding for Business Analytics,3,12.0,BCO7005,Data Security and Governance,2,12.0,BEO6000,Data Analysis for Business,3,12.0,WOM1000,Women in STEM,2,12.0,,,,
06756,rQlkf,Alberto,Gonzalez,31,Male,Malaysia,Customer Experience,BCO7000,Business Analytics,2,12,BCO7006,Coding for Business Analytics,2,12.0,BEO6600,Business Economics,2,12.0,BCO7004,Business Data Mining and Warehousing,4,12.0,,,,,,,,
13299,SzTs8,Jose,Reyes,32,Male,Indonesia,Programming (Python),WOM1000,Women in STEM,1,12,,,,,,,,,,,,,,,,,,,,
94953,FqGqU,Angelica,Fernandez,33,Female,Cambodia,Business Strategy,BCO6008,Predictive Analytics,2,12,BCO7000,Business Analytics,1,12.0,WOM1000,Women in STEM,1,12.0,,,,,,,,,,,,
35617,ZGxft,Roberto,Martinez,21,Male,Philippines,Business Intelligence,WOM1000,Women in STEM,1,12,BCO7005,Data Security and Governance,2,12.0,BCO7002,Experience Management,4,12.0,,,,,,,,,,,,
32183,1qxxm,Fernando,Reyes,31,Male,Brunei,Financial Analysis,BCO7000,Business Analytics,1,12,BCO7006,Coding for Business Analytics,3,12.0,BCO7002,Experience Management,4,12.0,BAO6504,Accounting for Management,1,12.0,BEO6000,Data Analysis for Business,3,12.0,,,,
76458,yryHu,Juan,Ramos,20,Male,Brunei,Financial Analysis,BCO7000,Business Analytics,4,12,BCO7006,Coding for Business Analytics,1,12.0,BCO7004,Business Data Mining and Warehousing,4,12.0,WOM1000,Women in STEM,1,12.0,,,,,,,,
56991,luZ21,Miguel,Morales,23,Male,Laos,Market Analysis,BCO7000,Business Analytics,1,12,BCO7006,Coding for Business Analytics,1,12.0,BCO7002,Experience Management,4,12.0,,,,,,,,,,,,
95271,Qb6EK,Carlos,Fernandez,32,Male,Brunei,Business Strategy,BEO6000,Data Analysis for Business,3,12,BCO7004,Business Data Mining and Warehousing,4,12.0,,,,,,,,,,,,,,,,
86371,YKGi5,Alicia,Reyes,19,Female,Vietnam,Economic Theory,BCO7000,Business Analytics,4,12,BCO7006,Coding for Business Analytics,4,12.0,BCO7004,Business Data Mining and Warehousing,4,12.0,WOM1000,Women in STEM,4,12.0,,,,,,,,
34281,RI3od,Maria,Cruz,30,Female,Cambodia,Programming (Python),BCO7006,Coding for Business Analytics,1,12,WOM1000,Women in STEM,1,12.0,,,,,,,,,,,,,,,,
80687,y3MV0,Carmen,Cruz,22,Female,Singapore,Machine Learning,BCO7003,Analytics Project M anagement,1,12,BCO7002,Experience Management,4,12.0,WOM1000,Women in STEM,1,12.0,,,,,,,,,,,,
50070,AXeRT,Veronica,Gonzalez,27,Female,Myanmar,Machine Learning,BEO6000,Data Analysis for Business,3,12,BCO7007,Machine Learning,2,12.0,WOM1000,Women in STEM,3,12.0,,,,,,,,,,,,
22386,IPHbI,Juan,Gonzalez,30,Male,Laos,Business Intelligence,BCO7000,Business Analytics,1,12,BCO7006,Coding for Business Analytics,1,12.0,WOM1000,Women in STEM,1,12.0,,,,,,,,,,,,
13715,VKD9b,Luisa,Fernandez,33,Female,Singapore,Machine Learning,WOM1000,Women in STEM,1,12,BEO6000,Data Analysis for Business,3,12.0,,,,,,,,,,,,,,,,
83161,lLrat,Ricardo,Fernandez,26,Male,Philippines,Business Strategy,BCO6008,Predictive Analytics,2,12,BEO6000,Data Analysis for Business,3,12.0,,,,,,,,,,,,,,,,
98131,acQz1,Jessica,Fernandez,23,Female,Malaysia,Customer Experience,BCO7000,Business Analytics,1,12,BCO7006,Coding for Business Analytics,1,12.0,WOM1000,Women in STEM,1,12.0,,,,,,,,,,,,
74693,5AZEX,Ismael,Fernandez,25,Male,Thailand,Customer Experience,BCO7000,Business Analytics,1,12,BCO7006,Coding for Business Analytics,1,12.0,WOM1000,Women in STEM,1,12.0,,,,,,,,,,,,
15670,GG0cs,Jose,Santos,23,Male,Malaysia,General Business Interest,BCO7003,Analytics Project M anagement,1,12,,,,,,,,,,,,,,,,,,,,
18765,Ttscs,Jessica,Fernandez,24,Female,Laos,Economic Theory,BCO7000,Business Analytics,2,12,BCO7006,Coding for Business Analytics,2,12.0,BCO7005,Data Security and Governance,2,12.0,WOM1000,Women in STEM,2,12.0,,,,,,,,
60813,lDrBq,Sofia,Cruz,34,Female,Myanmar,Leadership and Empowerment,BEO6000,Data Analysis for Business,3,12,WOM1000,Women in STEM,3,12.0,,,,,,,,,,,,,,,,
44460,khuJT,Antonio,Garcia,22,Male,Malaysia,Business Strategy,BCO7000,Business Analytics,4,12,BCO7006,Coding for Business Analytics,4,12.0,BCO7002,Experience Management,4,12.0,,,,,,,,,,,,
18145,lsqzJ,Miguel,Gonzalez,35,Male,Myanmar,Machine Learning,BCO7000,Business Analytics,4,12,BCO7006,Coding for Business Analytics,1,12.0,BAO6504,Accounting for Management,1,12.0,BCO7002,Experience Management,4,12.0,,,,,,,,
25372,i25QJ,Sofia,Garcia,29,Female,Indonesia,Customer Experience,BCO7000,Business Analytics,1,12,BCO7006,Coding for Business Analytics,4,12.0,BCO7003,Analytics Project M anagement,1,12.0,BCO7002,Experience Management,4,12.0,WOM1000,Women in STEM,1,12.0,,,,
40531,knE0o,Carlos,Torres,34,Male,Brunei,Data Science,BCO7007,Machine Learning,2,12,,,,,,,,,,,,,,,,,,,,
78267,pVc91,Alberto,Santos,28,Male,Cambodia,Financial Analysis,BEO6000,Data Analysis for Business,3,12,BCO7004,Business Data Mining and Warehousing,4,12.0,BEO6600,Business Economics,2,12.0,,,,,,,,,,,,
11619,7wyV0,Sofia,Garcia,23,Female,Laos,Business Intelligence,BCO7004,Business Data Mining and Warehousing,4,12,WOM1000,Women in STEM,4,12.0,,,,,,,,,,,,,,,,
88329,lZkZi,Rosa,Ramos,19,Female,Thailand,Machine Learning,BCO7000,Business Analytics,3,12,BCO7006,Coding for Business Analytics,4,12.0,BCO7002,Experience Management,4,12.0,BCO7005,Data Security and Governance,2,12.0,BEO6000,Data Analysis for Business,3,12.0,WOM1000,Women in STEM,2.0,12.0
89961,ksfXx,Alicia,Torres,29,Female,Malaysia,Economic Theory,BCO7002,Experience Management,4,12,BEO6000,Data Analysis for Business,3,12.0,BCO6008,Predictive Analytics,2,12.0,WOM1000,Women in STEM,4,12.0,,,,,,,,
90256,OdPOt,Alberto,Flores,32,Male,Laos,Market Analysis,BEO6000,Data Analysis for Business,3,12,BCO6008,Predictive Analytics,2,12.0,,,,,,,,,,,,,,,,
39334,jvOl9,Sofia,Flores,32,Female,Vietnam,General Business Interest,BEO6600,Business Economics,2,12,BEO6000,Data Analysis for Business,3,12.0,WOM1000,Women in STEM,2,12.0,,,,,,,,,,,,
50828,PJNLa,Angelica,Fernandez,26,Female,Thailand,Machine Learning,BAO6504,Accounting for Management,1,12,BCO7004,Business Data Mining and Warehousing,4,12.0,BEO6000,Data Analysis for Business,3,12.0,WOM1000,Women in STEM,4,12.0,,,,,,,,
15146,lMdco,Maria,Reyes,33,Female,Vietnam,Economic Theory,BEO6000,Data Analysis for Business,3,12,WOM1000,Women in STEM,3,12.0,,,,,,,,,,,,,,,,
04864,IgqaK,Luisa,Morales,31,Female,Laos,Quantitative Analysis,BEO6000,Data Analysis for Business,3,12,WOM1000,Women in STEM,3,12.0,,,,,,,,,,,,,,,,
36726,w96q1,Rosa,Morales,28,Female,Philippines,General Business Interest,BCO7000,Business Analytics,1,12,BCO7006,Coding for Business Analytics,1,12.0,BEO6000,Data Analysis for Business,3,12.0,BEO6600,Business Economics,2,12.0,WOM1000,Women in STEM,1,12.0,,,,
64236,rylE2,Miguel,Reyes,35,Male,Thailand,Quantitative Analysis,BCO7000,Business Analytics,4,12,BCO7006,Coding for Business Analytics,4,12.0,BCO7004,Business Data Mining and Warehousing,4,12.0,,,,,,,,,,,,
78392,oEnEU,Rosa,Garcia,21,Female,Singapore,Economic Theory,BCO7002,Experience Management,4,12,BCO6008,Predictive Analytics,2,12.0,BEO6000,Data Analysis for Business,3,12.0,WOM1000,Women in STEM,3,12.0,,,,,,,,
75936,CO1Lo,Juan,Ramos,25,Male,Philippines,General Business Interest,BCO7000,Business Analytics,3,12,BCO7006,Coding for Business Analytics,3,12.0,BEO6000,Data Analysis for Business,3,12.0,,,,,,,,,,,,
03808,LSJ8F,Alicia,Martinez,21,Female,Cambodia,Data Science,BCO7000,Business Analytics,3,12,BCO7006,Coding for Business Analytics,3,12.0,BEO6000,Data Analysis for Business,3,12.0,BCO7004,Business Data Mining and Warehousing,4,12.0,WOM1000,Women in STEM,3,12.0,,,,
61199,pgXrK,Juan,Fernandez,24,Male,Singapore,Financial Analysis,BEO6000,Data Analysis for Business,3,12,BCO7007,Machine Learning,2,12.0,BCO7003,Analytics Project M anagement,1,12.0,,,,,,,,,,,,
85990,IFr3k,Jose,Reyes,20,Male,Malaysia,Economic Theory,BCO7007,Machine Learning,2,12,BEO6000,Data Analysis for Business,3,12.0,BCO7004,Business Data Mining and Warehousing,4,12.0,,,,,,,,,,,,
53215,L4ZOF,Jose,Ramos,22,Male,Cambodia,Business Intelligence,BEO6000,Data Analysis for Business,3,12,,,,,,,,,,,,,,,,,,,,
75857,zEtyh,Carlos,Gonzalez,20,Male,Vietnam,General Business Interest,BCO6008,Predictive Analytics,2,12,BEO6000,Data Analysis for Business,3,12.0,BCO7004,Business Data Mining and Warehousing,4,12.0,,,,,,,,,,,,
77272,Pvkar,Sofia,Ramos,25,Female,Indonesia,Leadership and Empowerment,BCO7000,Business Analytics,4,12,BCO7006,Coding for Business Analytics,4,12.0,BCO7002,Experience Management,4,12.0,BCO6008,Predictive Analytics,2,12.0,BEO6000,Data Analysis for Business,3,12.0,WOM1000,Women in STEM,4.0,12.0
71018,u0ICb,Angelica,Cruz,22,Female,Malaysia,Business Intelligence,BCO6008,Predictive Analytics,2,12,WOM1000,Women in STEM,2,12.0,,,,,,,,,,,,,,,,
69563,aHBwm,Alicia,Gonzalez,31,Female,Singapore,Business Intelligence,BCO7000,Business Analytics,4,12,BCO7006,Coding for Business Analytics,4,12.0,BCO7004,Business Data Mining and Warehousing,4,12.0,WOM1000,Women in STEM,4,12.0,,,,,,,,
93469,Wgbxu,Fernando,Gonzalez,22,Male,Philippines,Business Intelligence,BEO6000,Data Analysis for Business,3,12,BCO7000,Business Analytics,1,12.0,BCO6008,Predictive Analytics,2,12.0,,,,,,,,,,,,
75643,w967G,Ismael,Morales,19,Male,Laos,Business Intelligence,BEO6000,Data Analysis for Business,3,12,BCO7007,Machine Learning,2,12.0,BCO7003,Analytics Project M anagement,1,12.0,,,,,,,,,,,,
42885,Gb9Aj,Jose,Rivera,30,Male,Singapore,Machine Learning,BCO6008,Predictive Analytics,2,12,BEO6000,Data Analysis for Business,3,12.0,,,,,,,,,,,,,,,,
38644,wTraj,Juan,Reyes,23,Male,Philippines,Machine Learning,BCO7000,Business Analytics,3,12,BCO7006,Coding for Business Analytics,4,12.0,BEO6000,Data Analysis for Business,3,12.0,BCO7002,Experience Management,4,12.0,,,,,,,,
65798,fz6fP,Miguel,Morales,25,Male,Brunei,General Business Interest,BEO6000,Data Analysis for Business,3,12,,,,,,,,,,,,,,,,,,,,
16012,7zK6O,Ricardo,Flores,30,Male,Vietnam,Programming (Python),BCO7000,Business Analytics,4,12,BCO7006,Coding for Business Analytics,4,12.0,BEO6600,Business Economics,2,12.0,BAO6504,Accounting for Management,1,12.0,BCO7004,Business Data Mining and Warehousing,4,12.0,,,,
59010,dhxja,Alberto,Fernandez,30,Male,Malaysia,Customer Experience,WOM1000,Women in STEM,1,12,BCO7005,Data Security and Governance,2,12.0,BCO7004,Business Data Mining and Warehousing,4,12.0,,,,,,,,,,,,
41113,mQX2I,Rosa,Cruz,27,Female,Laos,Customer Experience,BAO6504,Accounting for Management,1,12,BCO7007,Machine Learning,2,12.0,WOM1000,Women in STEM,2,12.0,,,,,,,,,,,,
41614,GDTd1,Rosa,Flores,23,Female,Thailand,Business Strategy,BCO7004,Business Data Mining and Warehousing,4,12,BEO6000,Data Analysis for Business,3,12.0,BCO7003,Analytics Project M anagement,1,12.0,WOM1000,Women in STEM,4,12.0,,,,,,,,
87601,rFPKH,Maria,Martinez,32,Female,Laos,General Business Interest,BCO7006,Coding for Business Analytics,1,12,BEO6000,Data Analysis for Business,3,12.0,WOM1000,Women in STEM,1,12.0,,,,,,,,,,,,
48548,ACEls,Luisa,Cruz,20,Female,Myanmar,Market Analysis,BCO7007,Machine Learning,2,12,BCO7004,Business Data Mining and Warehousing,4,12.0,BEO6000,Data Analysis for Business,3,12.0,WOM1000,Women in STEM,2,12.0,,,,,,,,
37945,vxGGP,Juan,Martinez,34,Male,Philippines,Quantitative Analysis,BCO7000,Business Analytics,2,12,BCO7006,Coding for Business Analytics,2,12.0,BEO6600,Business Economics,2,12.0,,,,,,,,,,,,
95357,rGWUR,Angelica,Fernandez,20,Female,Singapore,Machine Learning,BEO6000,Data Analysis for Business,3,12,BCO7005,Data Security and Governance,2,12.0,WOM1000,Women in STEM,3,12.0,,,,,,,,,,,,
71447,6GptV,Alicia,Rivera,24,Female,Brunei,Leadership and Empowerment,BCO7002,Experience Management,4,12,WOM1000,Women in STEM,4,12.0,,,,,,,,,,,,,,,,
09937,cTKve,Jose,Morales,23,Male,Myanmar,Economic Theory,WOM1000,Women in STEM,1,12,BCO7004,Business Data Mining and Warehousing,4,12.0,,,,,,,,,,,,,,,,
72703,4IvHy,Carlos,Santos,30,Male,Vietnam,Business Strategy,BEO6000,Data Analysis for Business,3,12,BCO7005,Data Security and Governance,2,12.0,,,,,,,,,,,,,,,,
88651,cNFJA,Alberto,Fernandez,26,Male,Thailand,Market Analysis,BCO7000,Business Analytics,3,12,BCO7006,Coding for Business Analytics,4,12.0,BEO6000,Data Analysis for Business,3,12.0,BCO7004,Business Data Mining and Warehousing,4,12.0,,,,,,,,
76381,0rQCo,Ricardo,Ramos,23,Male,Brunei,Financial Analysis,BCO7003,Analytics Project M anagement,1,12,BCO7002,Experience Management,4,12.0,BEO6000,Data Analysis for Business,3,12.0,,,,,,,,,,,,
39790,DNqCk,Alicia,Ramos,21,Female,Singapore,Programming (Python),BEO6000,Data Analysis for Business,3,12,WOM1000,Women in STEM,3,12.0,,,,,,,,,,,,,,,,
91737,yIwna,Isabela,Ramos,23,Female,Singapore,Data Science,BCO7004,Business Data Mining and Warehousing,4,12,BEO6000,Data Analysis for Business,3,12.0,WOM1000,Women in STEM,3,12.0,,,,,,,,,,,,
43966,5wuuE,Antonio,Santos,29,Male,Philippines,Data Science,BCO7000,Business Analytics,1,12,BCO7006,Coding for Business Analytics,1,12.0,BCO7004,Business Data Mining and Warehousing,4,12.0,BCO7003,Analytics Project M anagement,1,12.0,,,,,,,,
86362,zdMci,Carlos,Gonzalez,20,Male,Laos,Customer Experience,BCO7004,Business Data Mining and Warehousing,4,12,,,,,,,,,,,,,,,,,,,,
47655,fVj40,Alicia,Ramos,29,Female,Laos,Data Science,BCO7000,Business Analytics,4,12,BCO7006,Coding for Business Analytics,4,12.0,BEO6000,Data Analysis for Business,3,12.0,BCO7004,Business Data Mining and Warehousing,4,12.0,BCO6008,Predictive Analytics,2,12.0,WOM1000,Women in STEM,2.0,12.0
24191,f2Ihf,Angelica,Rivera,23,Female,Thailand,Financial Analysis,BCO7004,Business Data Mining and Warehousing,4,12,WOM1000,Women in STEM,4,12.0,,,,,,,,,,,,,,,,
12380,pzGfC,Ricardo,Fernandez,28,Male,Vietnam,Data Science,BCO6008,Predictive Analytics,2,12,,,,,,,,,,,,,,,,,,,,
22686,9XOpZ,Luisa,Martinez,34,Female,Brunei,Machine Learning,BCO7004,Business Data Mining and Warehousing,4,12,BEO6000,Data Analysis for Business,3,12.0,BCO7003,Analytics Project M anagement,1,12.0,WOM1000,Women in STEM,3,12.0,,,,,,,,
30925,AvY9G,Luisa,Martinez,31,Female,Singapore,Leadership and Empowerment,BCO6008,Predictive Analytics,2,12,WOM1000,Women in STEM,2,12.0,,,,,,,,,,,,,,,,
20774,W11YK,Veronica,Morales,24,Female,Thailand,Quantitative Analysis,BAO6504,Accounting for Management,1,12,BCO7004,Business Data Mining and Warehousing,4,12.0,BEO6600,Business Economics,2,12.0,WOM1000,Women in STEM,1,12.0,,,,,,,,
24656,pEblL,Alicia,Rivera,24,Female,Thailand,Data Science,BCO7000,Business Analytics,2,12,BCO7006,Coding for Business Analytics,3,12.0,BEO6000,Data Analysis for Business,3,12.0,BEO6600,Business Economics,2,12.0,WOM1000,Women in STEM,2,12.0,,,,
68886,IM4uF,Angelica,Flores,25,Female,Indonesia,General Business Interest,BCO7007,Machine Learning,2,12,BCO7006,Coding for Business Analytics,1,12.0,WOM1000,Women in STEM,2,12.0,,,,,,,,,,,,
80148,Wc1ww,Fernando,Ramos,34,Male,Indonesia,Market Analysis,BCO7000,Business Analytics,4,12,BCO7006,Coding for Business Analytics,1,12.0,BCO7003,Analytics Project M anagement,1,12.0,BCO7002,Experience Management,4,12.0,BCO7007,Machine Learning,2,12.0,,,,
58807,33n2D,Isabela,Martinez,30,Female,Thailand,General Business Interest,BEO6000,Data Analysis for Business,3,12,BCO7003,Analytics Project M anagement,1,12.0,BCO7005,Data Security and Governance,2,12.0,WOM1000,Women in STEM,1,12.0,,,,,,,,
02733,JHgAR,Jose,Reyes,20,Male,Laos,Economic Theory,BCO7000,Business Analytics,4,12,BCO7006,Coding for Business Analytics,2,12.0,BCO7007,Machine Learning,2,12.0,BEO6000,Data Analysis for Business,3,12.0,BCO7002,Experience Management,4,12.0,,,,
72383,KxenC,Carmen,Flores,23,Female,Malaysia,Leadership and Empowerment,BAO6504,Accounting for Management,1,12,BCO7005,Data Security and Governance,2,12.0,WOM1000,Women in STEM,1,12.0,,,,,,,,,,,,
36592,jj5Hj,Angelica,Santos,30,Female,Indonesia,Market Analysis,BCO7000,Business Analytics,2,12,BCO7006,Coding for Business Analytics,3,12.0,BCO7005,Data Security and Governance,2,12.0,BCO7002,Experience Management,4,12.0,BEO6000,Data Analysis for Business,3,12.0,WOM1000,Women in STEM,3.0,12.0
67842,0aD8F,Juan,Martinez,27,Male,Malaysia,Machine Learning,BEO6000,Data Analysis for Business,3,12,,,,,,,,,,,,,,,,,,,,
63206,0sZEi,Angelica,Morales,22,Female,Indonesia,Business Strategy,BCO7004,Business Data Mining and Warehousing,4,12,BEO6600,Business Economics,2,12.0,BEO6000,Data Analysis for Business,3,12.0,WOM1000,Women in STEM,4,12.0,,,,,,,,
30323,t9hFM,Fernando,Reyes,20,Male,Singapore,Quantitative Analysis,BEO6000,Data Analysis for Business,3,12,BCO7005,Data Security and Governance,2,12.0,,,,,,,,,,,,,,,,
80922,EfbdC,Sofia,Gonzalez,24,Female,Thailand,Customer Experience,BCO7002,Experience Management,4,12,BCO6008,Predictive Analytics,2,12.0,WOM1000,Women in STEM,2,12.0,,,,,,,,,,,,
69683,PK63J,Carmen,Fernandez,32,Female,Indonesia,Data Science,BCO7002,Experience Management,4,12,WOM1000,Women in STEM,1,12.0,BEO6000,Data Analysis for Business,3,12.0,,,,,,,,,,,,
65211,5X2ft,Alicia,Fernandez,19,Female,Thailand,Economic Theory,BCO6008,Predictive Analytics,2,12,BCO7003,Analytics Project M anagement,1,12.0,BCO7002,Experience Management,4,12.0,WOM1000,Women in STEM,1,12.0,,,,,,,,
65769,H36Sc,Fernando,Morales,30,Male,Malaysia,Customer Experience,BCO7000,Business Analytics,4,12,BCO7006,Coding for Business Analytics,4,12.0,BCO7004,Business Data Mining and Warehousing,4,12.0,BCO7005,Data Security and Governance,2,12.0,,,,,,,,
68187,UgoWW,Ricardo,Martinez,20,Male,Thailand,Data Science,BCO7000,Business Analytics,1,12,,,,,,,,,,,,,,,,,,,,
88487,xi5uF,Carmen,Gonzalez,33,Female,Laos,Market Analysis,BCO7000,Business Analytics,2,12,BCO7006,Coding for Business Analytics,2,12.0,BCO7007,Machine Learning,2,12.0,WOM1000,Women in STEM,2,12.0,,,,,,,,
80998,6BwyM,Fernando,Rivera,27,Male,Malaysia,Quantitative Analysis,BCO7000,Business Analytics,1,12,,,,,,,,,,,,,,,,,,,,
94088,SWAhh,Ricardo,Fernandez,34,Male,Philippines,Data Science,BCO7005,Data Security and Governance,2,12,,,,,,,,,,,,,,,,,,,,
90432,XzxYL,Maria,Garcia,35,Female,Thailand,Leadership and Empowerment,BEO6000,Data Analysis for Business,3,12,WOM1000,Women in STEM,3,12.0,,,,,,,,,,,,,,,,
18594,1EiPU,Alberto,Cruz,18,Male,Cambodia,Machine Learning,BCO7000,Business Analytics,2,12,BCO7006,Coding for Business Analytics,1,12.0,BCO7007,Machine Learning,2,12.0,BCO7003,Analytics Project M anagement,1,12.0,,,,,,,,
69134,jkUE1,Carlos,Cruz,28,Male,Laos,Quantitative Analysis,BCO7000,Business Analytics,1,12,BEO6600,Business Economics,2,12.0,,,,,,,,,,,,,,,,
40795,Yx4KE,Ricardo,Flores,25,Male,Thailand,Machine Learning,BCO7000,Business Analytics,3,12,BCO7006,Coding for Business Analytics,3,12.0,BEO6000,Data Analysis for Business,3,12.0,BCO7005,Data Security and Governance,2,12.0,BCO7004,Business Data Mining and Warehousing,4,12.0,,,,
93261,ZA05N,Sofia,Reyes,23,Female,Brunei,Data Science,WOM1000,Women in STEM,1,12,BCO7007,Machine Learning,2,12.0,,,,,,,,,,,,,,,,
25996,LNxWP,Alicia,Santos,35,Female,Vietnam,Business Strategy,BCO7000,Business Analytics,4,12,BCO7006,Coding for Business Analytics,4,12.0,WOM1000,Women in STEM,1,12.0,BCO7002,Experience Management,4,12.0,BEO6600,Business Economics,2,12.0,,,,
55155,mqlEA,Miguel,Rivera,19,Male,Malaysia,Customer Experience,BCO7007,Machine Learning,2,12,BCO7002,Experience Management,4,12.0,,,,,,,,,,,,,,,,
04043,gzb9g,Veronica,Ramos,19,Female,Thailand,Customer Experience,BCO6008,Predictive Analytics,2,12,BCO7002,Experience Management,4,12.0,WOM1000,Women in STEM,4,12.0,,,,,,,,,,,,
00242,154ha,Miguel,Morales,28,Male,Brunei,Financial Analysis,BCO7000,Business Analytics,3,12,BCO7006,Coding for Business Analytics,3,12.0,BEO6000,Data Analysis for Business,3,12.0,BCO6008,Predictive Analytics,2,12.0,,,,,,,,
68553,jFHsn,Ismael,Ramos,35,Male,Malaysia,Quantitative Analysis,BCO7007,Machine Learning,2,12,,,,,,,,,,,,,,,,,,,,
26874,U0fKE,Rosa,Gonzalez,31,Female,Philippines,Quantitative Analysis,BCO7002,Experience Management,4,12,BEO6000,Data Analysis for Business,3,12.0,WOM1000,Women in STEM,3,12.0,,,,,,,,,,,,
03389,MfcwE,Jessica,Flores,34,Female,Malaysia,Leadership and Empowerment,BCO7004,Business Data Mining and Warehousing,4,12,WOM1000,Women in STEM,4,12.0,,,,,,,,,,,,,,,,
33934,XEe6E,Ismael,Santos,24,Male,Cambodia,Business Strategy,BCO7003,Analytics Project M anagement,1,12,,,,,,,,,,,,,,,,,,,,
76737,AEO3Y,Alicia,Martinez,27,Female,Brunei,Business Strategy,BCO7006,Coding for Business Analytics,1,12,BCO7005,Data Security and Governance,2,12.0,BEO6000,Data Analysis for Business,3,12.0,WOM1000,Women in STEM,2,12.0,,,,,,,,
57279,NxNws,Roberto,Fernandez,28,Male,Malaysia,Machine Learning,BCO7006,Coding for Business Analytics,1,12,BCO7004,Business Data Mining and Warehousing,4,12.0,,,,,,,,,,,,,,,,
05151,nPrY5,Maria,Gonzalez,24,Female,Thailand,Customer Experience,BAO6504,Accounting for Management,1,12,BEO6600,Business Economics,2,12.0,BCO7002,Experience Management,4,12.0,WOM1000,Women in STEM,4,12.0,,,,,,,,
46727,5mOGt,Jose,Gonzalez,34,Male,Thailand,Market Analysis,BCO6008,Predictive Analytics,2,12,,,,,,,,,,,,,,,,,,,,
99079,ej27r,Alberto,Reyes,22,Male,Cambodia,Financial Analysis,BCO7002,Experience Management,4,12,BCO7003,Analytics Project M anagement,1,12.0,BEO6600,Business Economics,2,12.0,,,,,,,,,,,,
45809,5YFdr,Angelica,Rivera,20,Female,Vietnam,Economic Theory,BEO6000,Data Analysis for Business,3,12,BCO7004,Business Data Mining and Warehousing,4,12.0,BEO6600,Business Economics,2,12.0,WOM1000,Women in STEM,4,12.0,,,,,,,,
09401,Ptl0E,Carmen,Cruz,23,Female,Brunei,Leadership and Empowerment,BAO6504,Accounting for Management,1,12,WOM1000,Women in STEM,1,12.0,,,,,,,,,,,,,,,,
42940,z7gv1,Alberto,Rivera,21,Male,Cambodia,Programming (Python),BCO7007,Machine Learning,2,12,BCO7006,Coding for Business Analytics,1,12.0,BEO6000,Data Analysis for Business,3,12.0,,,,,,,,,,,,
14923,djmfI,Jessica,Martinez,23,Female,Thailand,Business Intelligence,BCO7004,Business Data Mining and Warehousing,4,12,WOM1000,Women in STEM,4,12.0,,,,,,,,,,,,,,,,
19692,o7lRH,Maria,Garcia,30,Female,Malaysia,Customer Experience,BCO7000,Business Analytics,1,12,WOM1000,Women in STEM,1,12.0,,,,,,,,,,,,,,,,
30323,DHWNF,Ismael,Fernandez,26,Male,Malaysia,Financial Analysis,BCO7002,Experience Management,4,12,WOM1000,Women in STEM,1,12.0,,,,,,,,,,,,,,,,
86211,3V6Cl,Angelica,Fernandez,29,Female,Cambodia,Leadership and Empowerment,BEO6000,Data Analysis for Business,3,12,BEO6600,Business Economics,2,12.0,WOM1000,Women in STEM,2,12.0,,,,,,,,,,,,
43508,VJ2T6,Maria,Fernandez,21,Female,Laos,Programming (Python),BCO6008,Predictive Analytics,2,12,WOM1000,Women in STEM,2,12.0,,,,,,,,,,,,,,,,
35125,KTcmG,Jose,Morales,31,Male,Thailand,Quantitative Analysis,BCO7003,Analytics Project M anagement,1,12,,,,,,,,,,,,,,,,,,,,
83043,WuNwk,Alberto,Gonzalez,34,Male,Myanmar,Financial Analysis,BCO6008,Predictive Analytics,2,12,,,,,,,,,,,,,,,,,,,,
54476,VxvXX,Maria,Santos,20,Female,Brunei,Economic Theory,BEO6000,Data Analysis for Business,3,12,BEO6600,Business Economics,2,12.0,BCO7003,Analytics Project M anagement,1,12.0,WOM1000,Women in STEM,2,12.0,,,,,,,,
03410,eHknQ,Rosa,Ramos,23,Female,Thailand,Market Analysis,BEO6000,Data Analysis for Business,3,12,BCO7002,Experience Management,4,12.0,BCO6008,Predictive Analytics,2,12.0,WOM1000,Women in STEM,3,12.0,,,,,,,,
35810,jvfp7,Rosa,Santos,23,Female,Cambodia,Quantitative Analysis,BCO7004,Business Data Mining and Warehousing,4,12,WOM1000,Women in STEM,4,12.0,,,,,,,,,,,,,,,,
08221,YO32x,Ismael,Reyes,29,Male,Thailand,Financial Analysis,BCO7002,Experience Management,4,12,BCO6008,Predictive Analytics,2,12.0,BEO6000,Data Analysis for Business,3,12.0,,,,,,,,,,,,
34775,GHo3h,Luisa,Martinez,29,Female,Singapore,Customer Experience,BCO7003,Analytics Project M anagement,1,12,BEO6600,Business Economics,2,12.0,WOM1000,Women in STEM,2,12.0,,,,,,,,,,,,
47027,9zG6E,Veronica,Santos,32,Female,Laos,Business Strategy,BCO7007,Machine Learning,2,12,BCO7004,Business Data Mining and Warehousing,4,12.0,BEO6000,Data Analysis for Business,3,12.0,WOM1000,Women in STEM,2,12.0,,,,,,,,
80415,8tZIZ,Isabela,Garcia,31,Female,Thailand,Machine Learning,BCO7000,Business Analytics,4,12,BCO7006,Coding for Business Analytics,4,12.0,BEO6000,Data Analysis for Business,3,12.0,BCO7004,Business Data Mining and Warehousing,4,12.0,BCO7003,Analytics Project M anagement,1,12.0,WOM1000,Women in STEM,4.0,12.0
75091,jO7ku,Maria,Reyes,30,Female,Cambodia,Programming (Python),BCO7007,Machine Learning,2,12,BEO6000,Data Analysis for Business,3,12.0,WOM1000,Women in STEM,2,12.0,,,,,,,,,,,,
22168,AhpUq,Maria,Gonzalez,20,Female,Indonesia,Machine Learning,BCO7000,Business Analytics,2,12,BCO7006,Coding for Business Analytics,2,12.0,BEO6600,Business Economics,2,12.0,WOM1000,Women in STEM,2,12.0,,,,,,,,
80492,J0MWV,Rosa,Morales,22,Female,Laos,Machine Learning,BCO7005,Data Security and Governance,2,12,BEO6000,Data Analysis for Business,3,12.0,WOM1000,Women in STEM,2,12.0,,,,,,,,,,,,
57763,Mh5IW,Juan,Flores,19,Male,Laos,Data Science,BCO7000,Business Analytics,2,12,BCO7006,Coding for Business Analytics,1,12.0,BCO7007,Machine Learning,2,12.0,BAO6504,Accounting for Management,1,12.0,,,,,,,,
09538,AHKCB,Rosa,Fernandez,30,Female,Vietnam,Quantitative Analysis,BEO6000,Data Analysis for Business,3,12,WOM1000,Women in STEM,3,12.0,,,,,,,,,,,,,,,,
51736,yfwLi,Veronica,Ramos,33,Female,Vietnam,Customer Experience,BCO7002,Experience Management,4,12,BCO7000,Business Analytics,1,12.0,BEO6000,Data Analysis for Business,3,12.0,WOM1000,Women in STEM,4,12.0,,,,,,,,
26895,p4HC3,Ismael,Ramos,33,Male,Brunei,General Business Interest,BEO6000,Data Analysis for Business,3,12,BAO6504,Accounting for Management,1,12.0,,,,,,,,,,,,,,,,
83371,rWV5R,Alberto,Fernandez,35,Male,Philippines,Data Science,BCO7004,Business Data Mining and Warehousing,4,12,BEO6000,Data Analysis for Business,3,12.0,BCO7006,Coding for Business Analytics,1,12.0,,,,,,,,,,,,
30882,lRsJn,Juan,Santos,21,Male,Brunei,Economic Theory,BCO7007,Machine Learning,2,12,BEO6000,Data Analysis for Business,3,12.0,WOM1000,Women in STEM,1,12.0,,,,,,,,,,,,
97467,MMvfb,Miguel,Garcia,31,Male,Myanmar,General Business Interest,BCO7002,Experience Management,4,12,BCO7005,Data Security and Governance,2,12.0,,,,,,,,,,,,,,,,
00839,j66kb,Miguel,Martinez,33,Male,Cambodia,Data Science,BEO6000,Data Analysis for Business,3,12,BCO7007,Machine Learning,2,12.0,BCO7006,Coding for Business Analytics,1,12.0,,,,,,,,,,,,
89747,ioi1d,Fernando,Rivera,27,Male,Myanmar,Business Intelligence,BCO7000,Business Analytics,1,12,,,,,,,,,,,,,,,,,,,,
25086,ykVFN,Miguel,Ramos,32,Male,Vietnam,Business Strategy,BEO6000,Data Analysis for Business,3,12,,,,,,,,,,,,,,,,,,,,
01202,6ogP9,Ricardo,Garcia,30,Male,Singapore,Data Science,BCO7005,Data Security and Governance,2,12,BEO6000,Data Analysis for Business,3,12.0,BAO6504,Accounting for Management,1,12.0,,,,,,,,,,,,
54608,ryshX,Alberto,Fernandez,21,Male,Myanmar,Quantitative Analysis,BCO7000,Business Analytics,3,12,BCO7006,Coding for Business Analytics,2,12.0,WOM1000,Women in STEM,1,12.0,BEO6000,Data Analysis for Business,3,12.0,BCO7005,Data Security and Governance,2,12.0,,,,
67187,b05kd,Carlos,Flores,19,Male,Thailand,Business Strategy,BCO7002,Experience Management,4,12,BEO6000,Data Analysis for Business,3,12.0,WOM1000,Women in STEM,1,12.0,,,,,,,,,,,,
23332,tLtZJ,Jose,Fernandez,24,Male,Vietnam,Machine Learning,BAO6504,Accounting for Management,1,12,BCO7004,Business Data Mining and Warehousing,4,12.0,,,,,,,,,,,,,,,,
10535,HZuLX,Alicia,Torres,35,Female,Singapore,Leadership and Empowerment,BCO7000,Business Analytics,1,12,WOM1000,Women in STEM,1,12.0,,,,,,,,,,,,,,,,
70101,TwhT9,Rosa,Martinez,34,Female,Philippines,General Business Interest,BCO7000,Business Analytics,1,12,BCO7005,Data Security and Governance,2,12.0,BCO7002,Experience Management,4,12.0,WOM1000,Women in STEM,4,12.0,,,,,,,,
12551,ye3mF,Angelica,Garcia,34,Female,Myanmar,Business Intelligence,BCO7004,Business Data Mining and Warehousing,4,12,WOM1000,Women in STEM,4,12.0,,,,,,,,,,,,,,,,
71492,2a1YT,Miguel,Martinez,29,Male,Malaysia,Data Science,BEO6000,Data Analysis for Business,3,12,BCO6008,Predictive Analytics,2,12.0,WOM1000,Women in STEM,1,12.0,,,,,,,,,,,,
93595,zLYbO,Alicia,Martinez,27,Female,Philippines,Market Analysis,BEO6000,Data Analysis for Business,3,12,BCO7004,Business Data Mining and Warehousing,4,12.0,BAO6504,Accounting for Management,1,12.0,WOM1000,Women in STEM,1,12.0,,,,,,,,
45740,csSwG,Miguel,Ramos,30,Male,Laos,Data Science,BCO7003,Analytics Project M anagement,1,12,BEO6000,Data Analysis for Business,3,12.0,BCO7007,Machine Learning,2,12.0,,,,,,,,,,,,
84695,LSlDd,Carlos,Flores,35,Male,Myanmar,Customer Experience,BCO7004,Business Data Mining and Warehousing,4,12,BCO7005,Data Security and Governance,2,12.0,,,,,,,,,,,,,,,,
62114,TSzdw,Veronica,Garcia,21,Female,Thailand,Machine Learning,BCO7007,Machine Learning,2,12,BCO7000,Business Analytics,1,12.0,BEO6000,Data Analysis for Business,3,12.0,WOM1000,Women in STEM,2,12.0,,,,,,,,
05571,Kxi79,Jose,Ramos,21,Male,Thailand,Quantitative Analysis,BEO6000,Data Analysis for Business,3,12,,,,,,,,,,,,,,,,,,,,
51829,0gJV8,Sofia,Garcia,24,Female,Cambodia,Economic Theory,BCO7000,Business Analytics,4,12,BCO7006,Coding for Business Analytics,4,12.0,BCO7002,Experience Management,4,12.0,WOM1000,Women in STEM,4,12.0,,,,,,,,
69285,q5V2s,Alberto,Martinez,24,Male,Malaysia,Market Analysis,BEO6000,Data Analysis for Business,3,12,,,,,,,,,,,,,,,,,,,,
94665,KeXjF,Angelica,Reyes,19,Female,Singapore,Customer Experience,BCO7007,Machine Learning,2,12,BCO7006,Coding for Business Analytics,1,12.0,WOM1000,Women in STEM,1,12.0,,,,,,,,,,,,
16906,OuogB,Antonio,Santos,22,Male,Vietnam,Business Strategy,BCO7007,Machine Learning,2,12,BEO6000,Data Analysis for Business,3,12.0,BCO7000,Business Analytics,1,12.0,,,,,,,,,,,,
59581,UTf0E,Miguel,Fernandez,32,Male,Cambodia,Machine Learning,BCO7004,Business Data Mining and Warehousing,4,12,BEO6000,Data Analysis for Business,3,12.0,,,,,,,,,,,,,,,,
94721,gGMgK,Juan,Rivera,30,Male,Brunei,Quantitative Analysis,BCO7000,Business Analytics,2,12,BCO7006,Coding for Business Analytics,2,12.0,BCO7007,Machine Learning,2,12.0,,,,,,,,,,,,
24025,3llPv,Fernando,Rivera,30,Male,Malaysia,Data Science,BCO7000,Business Analytics,3,12,BCO7006,Coding for Business Analytics,3,12.0,BEO6000,Data Analysis for Business,3,12.0,,,,,,,,,,,,
59354,CIVOY,Roberto,Rivera,27,Male,Philippines,Machine Learning,BCO7002,Experience Management,4,12,,,,,,,,,,,,,,,,,,,,
01345,eTLSl,Alberto,Fernandez,24,Male,Myanmar,Quantitative Analysis,BCO7005,Data Security and Governance,2,12,BEO6000,Data Analysis for Business,3,12.0,BCO7002,Experience Management,4,12.0,,,,,,,,,,,,
08914,5SWc2,Sofia,Fernandez,24,Female,Myanmar,General Business Interest,BCO7004,Business Data Mining and Warehousing,4,12,BEO6000,Data Analysis for Business,3,12.0,WOM1000,Women in STEM,1,12.0,,,,,,,,,,,,
10172,I5KjV,Ismael,Reyes,24,Male,Laos,Quantitative Analysis,BCO7002,Experience Management,4,12,BCO6008,Predictive Analytics,2,12.0,,,,,,,,,,,,,,,,
70259,t79ct,Carlos,Martinez,21,Male,Indonesia,General Business Interest,BCO7000,Business Analytics,1,12,BEO6000,Data Analysis for Business,3,12.0,BEO6600,Business Economics,2,12.0,,,,,,,,,,,,
22068,uFEMr,Jessica,Torres,23,Female,Cambodia,Data Science,BCO7000,Business Analytics,1,12,BEO6000,Data Analysis for Business,3,12.0,WOM1000,Women in STEM,3,12.0,,,,,,,,,,,,
79001,Z91j2,Rosa,Garcia,30,Female,Thailand,General Business Interest,BCO7004,Business Data Mining and Warehousing,4,12,BCO7000,Business Analytics,1,12.0,BCO7007,Machine Learning,2,12.0,WOM1000,Women in STEM,1,12.0,,,,,,,,
44596,gpxIV,Antonio,Martinez,30,Male,Laos,Data Science,BCO7000,Business Analytics,4,12,BCO7006,Coding for Business Analytics,2,12.0,BCO6008,Predictive Analytics,2,12.0,WOM1000,Women in STEM,1,12.0,BCO7004,Business Data Mining and Warehousing,4,12.0,,,,
80040,fozQA,Jessica,Santos,22,Female,Thailand,General Business Interest,BEO6600,Business Economics,2,12,BCO7002,Experience Management,4,12.0,BEO6000,Data Analysis for Business,3,12.0,WOM1000,Women in STEM,3,12.0,,,,,,,,
91407,McI3s,Sofia,Torres,19,Female,Cambodia,Data Science,BCO7007,Machine Learning,2,12,BAO6504,Accounting for Management,1,12.0,WOM1000,Women in STEM,1,12.0,,,,,,,,,,,,
88279,WB3sJ,Veronica,Reyes,33,Female,Vietnam,Business Intelligence,BCO7002,Experience Management,4,12,BEO6000,Data Analysis for Business,3,12.0,BCO7005,Data Security and Governance,2,12.0,WOM1000,Women in STEM,3,12.0,,,,,,,,
50323,apdBS,Alicia,Martinez,24,Female,Brunei,Programming (Python),BCO7000,Business Analytics,3,12,BCO7006,Coding for Business Analytics,3,12.0,BCO7007,Machine Learning,2,12.0,BEO6000,Data Analysis for Business,3,12.0,WOM1000,Women in STEM,2,12.0,,,,
53389,4egNo,Rosa,Santos,27,Female,Vietnam,General Business Interest,BAO6504,Accounting for Management,1,12,BEO6000,Data Analysis for Business,3,12.0,BCO7002,Experience Management,4,12.0,WOM1000,Women in STEM,1,12.0,,,,,,,,
19657,ilBYT,Antonio,Flores,23,Male,Thailand,Customer Experience,BCO7000,Business Analytics,3,12,BCO7006,Coding for Business Analytics,4,12.0,BCO7002,Experience Management,4,12.0,BEO6000,Data Analysis for Business,3,12.0,,,,,,,,
52936,Cydld,Veronica,Ramos,20,Female,Singapore,Programming (Python),BEO6000,Data Analysis for Business,3,12,BCO7004,Business Data Mining and Warehousing,4,12.0,WOM1000,Women in STEM,4,12.0,,,,,,,,,,,,
15432,2oF7C,Ricardo,Ramos,27,Male,Laos,General Business Interest,BCO7003,Analytics Project M anagement,1,12,BCO7007,Machine Learning,2,12.0,BEO6000,Data Analysis for Business,3,12.0,,,,,,,,,,,,
06114,oYnKJ,Ricardo,Gonzalez,31,Male,Cambodia,Quantitative Analysis,BCO7000,Business Analytics,1,12,BCO7006,Coding for Business Analytics,2,12.0,BCO7005,Data Security and Governance,2,12.0,BAO6504,Accounting for Management,1,12.0,,,,,,,,
46192,sQnin,Rosa,Flores,34,Female,Singapore,Economic Theory,BAO6504,Accounting for Management,1,12,WOM1000,Women in STEM,1,12.0,,,,,,,,,,,,,,,,
36619,QwCe8,Roberto,Santos,21,Male,Myanmar,Machine Learning,BAO6504,Accounting for Management,1,12,BEO6000,Data Analysis for Business,3,12.0,,,,,,,,,,,,,,,,
09134,yhwsZ,Ismael,Santos,24,Male,Vietnam,Programming (Python),BCO7000,Business Analytics,3,12,BCO7006,Coding for Business Analytics,3,12.0,BEO6000,Data Analysis for Business,3,12.0,,,,,,,,,,,,
87823,X2jFu,Isabela,Martinez,33,Female,Laos,Financial Analysis,BEO6600,Business Economics,2,12,BEO6000,Data Analysis for Business,3,12.0,WOM1000,Women in STEM,3,12.0,,,,,,,,,,,,
70186,F1iiM,Juan,Gonzalez,26,Male,Myanmar,Quantitative Analysis,BCO6008,Predictive Analytics,2,12,BCO7004,Business Data Mining and Warehousing,4,12.0,BCO7006,Coding for Business Analytics,1,12.0,,,,,,,,,,,,
13122,Dn9f3,Sofia,Rivera,24,Female,Indonesia,Quantitative Analysis,BCO7002,Experience Management,4,12,WOM1000,Women in STEM,4,12.0,,,,,,,,,,,,,,,,
76794,NkHck,Antonio,Fernandez,30,Male,Myanmar,Business Strategy,BCO7007,Machine Learning,2,12,BEO6000,Data Analysis for Business,3,12.0,,,,,,,,,,,,,,,,
92976,C0ax8,Carmen,Ramos,18,Female,Indonesia,Machine Learning,BCO7000,Business Analytics,2,12,BCO7006,Coding for Business Analytics,2,12.0,BCO7002,Experience Management,4,12.0,BCO6008,Predictive Analytics,2,12.0,WOM1000,Women in STEM,2,12.0,,,,
48293,Kjxa9,Isabela,Garcia,27,Female,Vietnam,Customer Experience,BEO6600,Business Economics,2,12,WOM1000,Women in STEM,2,12.0,,,,,,,,,,,,,,,,
89057,6jgeQ,Carmen,Cruz,25,Female,Thailand,General Business Interest,BCO7000,Business Analytics,1,12,BCO7006,Coding for Business Analytics,1,12.0,WOM1000,Women in STEM,1,12.0,,,,,,,,,,,,
25569,FRKf7,Isabela,Reyes,30,Female,Indonesia,General Business Interest,BCO7004,Business Data Mining and Warehousing,4,12,BEO6000,Data Analysis for Business,3,12.0,WOM1000,Women in STEM,3,12.0,,,,,,,,,,,,
39713,DuDH1,Miguel,Santos,26,Male,Cambodia,Market Analysis,BCO7000,Business Analytics,2,12,BCO7006,Coding for Business Analytics,2,12.0,BCO7005,Data Security and Governance,2,12.0,,,,,,,,,,,,
93268,rDnGW,Sofia,Fernandez,22,Female,Cambodia,Financial Analysis,BCO7005,Data Security and Governance,2,12,BCO7002,Experience Management,4,12.0,WOM1000,Women in STEM,4,12.0,,,,,,,,,,,,
41629,1665i,Alberto,Santos,20,Male,Brunei,Data Science,BEO6000,Data Analysis for Business,3,12,BCO7007,Machine Learning,2,12.0,BAO6504,Accounting for Management,1,12.0,,,,,,,,,,,,
39737,GiJgL,Carmen,Flores,24,Female,Philippines,Data Science,BCO7003,Analytics Project M anagement,1,12,BCO6008,Predictive Analytics,2,12.0,WOM1000,Women in STEM,2,12.0,,,,,,,,,,,,
37097,Pge45,Alberto,Martinez,34,Male,Indonesia,Business Strategy,BCO7000,Business Analytics,1,12,BCO7002,Experience Management,4,12.0,,,,,,,,,,,,,,,,
66071,AoAzD,Miguel,Cruz,33,Male,Vietnam,Machine Learning,BAO6504,Accounting for Management,1,12,BCO7005,Data Security and Governance,2,12.0,,,,,,,,,,,,,,,,
74063,1vRoj,Luisa,Gonzalez,32,Female,Indonesia,Business Strategy,BEO6000,Data Analysis for Business,3,12,WOM1000,Women in STEM,3,12.0,,,,,,,,,,,,,,,,
17910,w8WVd,Veronica,Martinez,21,Female,Myanmar,Financial Analysis,BEO6000,Data Analysis for Business,3,12,WOM1000,Women in STEM,1,12.0,,,,,,,,,,,,,,,,
39823,FBjxz,Miguel,Ramos,28,Male,Myanmar,Quantitative Analysis,BCO7000,Business Analytics,4,12,BCO7006,Coding for Business Analytics,4,12.0,BCO7002,Experience Management,4,12.0,,,,,,,,,,,,
95125,Ckydl,Alberto,Reyes,34,Male,Myanmar,Machine Learning,BCO7006,Coding for Business Analytics,1,12,BEO6000,Data Analysis for Business,3,12.0,,,,,,,,,,,,,,,,
11661,sbr2w,Isabela,Morales,28,Female,Philippines,Economic Theory,BCO7003,Analytics Project M anagement,1,12,WOM1000,Women in STEM,1,12.0,,,,,,,,,,,,,,,,
57921,Obe2O,Ismael,Cruz,18,Male,Laos,General Business Interest,BCO7005,Data Security and Governance,2,12,BCO7002,Experience Management,4,12.0,,,,,,,,,,,,,,,,
46649,4KIEP,Isabela,Santos,32,Female,Vietnam,Data Science,BCO7004,Business Data Mining and Warehousing,4,12,BEO6000,Data Analysis for Business,3,12.0,WOM1000,Women in STEM,4,12.0,,,,,,,,,,,,
92524,8BLE6,Miguel,Fernandez,32,Male,Laos,Machine Learning,BEO6600,Business Economics,2,12,BCO7002,Experience Management,4,12.0,,,,,,,,,,,,,,,,
52330,SZbla,Roberto,Torres,35,Male,Malaysia,General Business Interest,WOM1000,Women in STEM,1,12,BCO7002,Experience Management,4,12.0,,,,,,,,,,,,,,,,
95596,HnHkr,Alicia,Cruz,25,Female,Indonesia,Business Intelligence,BEO6000,Data Analysis for Business,3,12,BCO7002,Experience Management,4,12.0,BCO7000,Business Analytics,1,12.0,WOM1000,Women in STEM,1,12.0,,,,,,,,
73669,FsSjm,Alicia,Martinez,30,Female,Brunei,Economic Theory,BAO6504,Accounting for Management,1,12,WOM1000,Women in STEM,1,12.0,,,,,,,,,,,,,,,,
42487,mKCcE,Roberto,Ramos,29,Male,Singapore,Machine Learning,BCO7002,Experience Management,4,12,,,,,,,,,,,,,,,,,,,,
43853,dIlW5,Sofia,Fernandez,23,Female,Singapore,Leadership and Empowerment,BCO6008,Predictive Analytics,2,12,BEO6000,Data Analysis for Business,3,12.0,BCO7004,Business Data Mining and Warehousing,4,12.0,WOM1000,Women in STEM,4,12.0,,,,,,,,
39558,hVhdC,Alberto,Fernandez,26,Male,Brunei,Business Strategy,BCO7002,Experience Management,4,12,,,,,,,,,,,,,,,,,,,,
84776,sVImn,Miguel,Reyes,18,Male,Indonesia,Business Strategy,BCO7006,Coding for Business Analytics,1,12,,,,,,,,,,,,,,,,,,,,
65813,tac3k,Roberto,Ramos,26,Male,Singapore,Machine Learning,BCO6008,Predictive Analytics,2,12,BEO6000,Data Analysis for Business,3,12.0,,,,,,,,,,,,,,,,
49542,7vdGu,Jessica,Fernandez,21,Female,Myanmar,Programming (Python),BCO7005,Data Security and Governance,2,12,WOM1000,Women in STEM,2,12.0,,,,,,,,,,,,,,,,
58444,6wTVo,Isabela,Ramos,32,Female,Laos,Market Analysis,BEO6000,Data Analysis for Business,3,12,WOM1000,Women in STEM,3,12.0,,,,,,,,,,,,,,,,
98575,sEAOJ,Miguel,Flores,33,Male,Laos,General Business Interest,BCO7003,Analytics Project M anagement,1,12,,,,,,,,,,,,,,,,,,,,
46053,r1RTV,Luisa,Torres,32,Female,Thailand,Machine Learning,BCO7002,Experience Management,4,12,BCO7007,Machine Learning,2,12.0,BEO6000,Data Analysis for Business,3,12.0,WOM1000,Women in STEM,4,12.0,,,,,,,,
74362,2TQdE,Ismael,Flores,25,Male,Thailand,Programming (Python),BCO7007,Machine Learning,2,12,,,,,,,,,,,,,,,,,,,,
75470,iz4hw,Ismael,Fernandez,20,Male,Philippines,Customer Experience,BCO7002,Experience Management,4,12,BEO6000,Data Analysis for Business,3,12.0,BEO6600,Business Economics,2,12.0,,,,,,,,,,,,
10011,dci0h,Veronica,Rivera,32,Female,Malaysia,Machine Learning,BCO7004,Business Data Mining and Warehousing,4,12,BCO7007,Machine Learning,2,12.0,BAO6504,Accounting for Management,1,12.0,WOM1000,Women in STEM,1,12.0,,,,,,,,
57503,zIPU4,Alicia,Martinez,32,Female,Thailand,Market Analysis,BCO7000,Business Analytics,3,12,BCO7006,Coding for Business Analytics,4,12.0,BEO6000,Data Analysis for Business,3,12.0,BCO7004,Business Data Mining and Warehousing,4,12.0,BCO7005,Data Security and Governance,2,12.0,WOM1000,Women in STEM,2.0,12.0
03215,nvoIA,Angelica,Martinez,29,Female,Cambodia,Market Analysis,BCO7000,Business Analytics,2,12,BCO7006,Coding for Business Analytics,3,12.0,BEO6000,Data Analysis for Business,3,12.0,BCO7007,Machine Learning,2,12.0,WOM1000,Women in STEM,3,12.0,,,,
75055,K45qZ,Jose,Santos,22,Male,Laos,Market Analysis,BCO7004,Business Data Mining and Warehousing,4,12,,,,,,,,,,,,,,,,,,,,
65640,DCQpw,Maria,Ramos,21,Female,Brunei,Programming (Python),BCO7004,Business Data Mining and Warehousing,4,12,BCO7003,Analytics Project M anagement,1,12.0,WOM1000,Women in STEM,1,12.0,,,,,,,,,,,,
76160,es5TR,Ismael,Gonzalez,31,Male,Indonesia,Programming (Python),BAO6504,Accounting for Management,1,12,BCO7002,Experience Management,4,12.0,,,,,,,,,,,,,,,,
32858,gafHE,Carmen,Martinez,28,Female,Laos,Data Science,BCO6008,Predictive Analytics,2,12,WOM1000,Women in STEM,2,12.0,,,,,,,,,,,,,,,,
81230,V2x07,Sofia,Garcia,22,Female,Philippines,Machine Learning,BEO6600,Business Economics,2,12,WOM1000,Women in STEM,2,12.0,,,,,,,,,,,,,,,,
10189,9LPhF,Miguel,Flores,21,Male,Singapore,Data Science,BCO7004,Business Data Mining and Warehousing,4,12,,,,,,,,,,,,,,,,,,,,
07822,7T465,Carmen,Flores,20,Female,Cambodia,Customer Experience,BCO7000,Business Analytics,1,12,BCO7006,Coding for Business Analytics,3,12.0,BEO6000,Data Analysis for Business,3,12.0,BCO7004,Business Data Mining and Warehousing,4,12.0,WOM1000,Women in STEM,1,12.0,,,,
99482,CDpMO,Jose,Morales,27,Male,Indonesia,Economic Theory,BEO6000,Data Analysis for Business,3,12,BCO6008,Predictive Analytics,2,12.0,BCO7002,Experience Management,4,12.0,,,,,,,,,,,,
27710,78ujm,Maria,Flores,23,Female,Singapore,Programming (Python),BEO6600,Business Economics,2,12,BCO7000,Business Analytics,1,12.0,WOM1000,Women in STEM,2,12.0,,,,,,,,,,,,
62119,VxV6f,Juan,Rivera,24,Male,Cambodia,Business Strategy,BCO6008,Predictive Analytics,2,12,BEO6000,Data Analysis for Business,3,12.0,BCO7003,Analytics Project M anagement,1,12.0,,,,,,,,,,,,
35203,9VU7b,Veronica,Cruz,31,Female,Malaysia,Business Strategy,BCO7005,Data Security and Governance,2,12,BCO7002,Experience Management,4,12.0,BCO7003,Analytics Project M anagement,1,12.0,WOM1000,Women in STEM,4,12.0,,,,,,,,
93157,NZghY,Alicia,Rivera,33,Female,Singapore,Business Strategy,BCO7002,Experience Management,4,12,WOM1000,Women in STEM,4,12.0,,,,,,,,,,,,,,,,
62651,pagko,Fernando,Flores,33,Male,Cambodia,General Business Interest,BCO7004,Business Data Mining and Warehousing,4,12,,,,,,,,,,,,,,,,,,,,
49908,BFUiP,Antonio,Torres,28,Male,Thailand,Business Strategy,BCO7000,Business Analytics,1,12,BCO7006,Coding for Business Analytics,3,12.0,BEO6000,Data Analysis for Business,3,12.0,BAO6504,Accounting for Management,1,12.0,,,,,,,,
12388,qbjG3,Veronica,Fernandez,32,Female,Laos,Economic Theory,BCO7000,Business Analytics,2,12,BCO7006,Coding for Business Analytics,4,12.0,BCO7002,Experience Management,4,12.0,BAO6504,Accounting for Management,1,12.0,BCO6008,Predictive Analytics,2,12.0,WOM1000,Women in STEM,1.0,12.0
31054,w4EZY,Antonio,Flores,23,Male,Indonesia,Market Analysis,WOM1000,Women in STEM,1,12,,,,,,,,,,,,,,,,,,,,
28006,TauHQ,Alberto,Fernandez,30,Male,Philippines,Financial Analysis,BCO7003,Analytics Project M anagement,1,12,BCO7005,Data Security and Governance,2,12.0,BCO7002,Experience Management,4,12.0,,,,,,,,,,,,
43136,alPMm,Angelica,Garcia,30,Female,Thailand,Data Science,BCO7000,Business Analytics,1,12,BCO7006,Coding for Business Analytics,1,12.0,BAO6504,Accounting for Management,1,12.0,BCO7002,Experience Management,4,12.0,WOM1000,Women in STEM,4,12.0,,,,
40157,1ySC9,Ricardo,Rivera,28,Male,Brunei,Business Strategy,BCO7000,Business Analytics,1,12,BCO6008,Predictive Analytics,2,12.0,BCO7004,Business Data Mining and Warehousing,4,12.0,,,,,,,,,,,,
74896,voNtI,Veronica,Torres,33,Female,Brunei,Business Strategy,BCO7002,Experience Management,4,12,BEO6000,Data Analysis for Business,3,12.0,WOM1000,Women in STEM,3,12.0,,,,,,,,,,,,
28798,7Ijof,Miguel,Martinez,21,Male,Laos,Quantitative Analysis,BCO7005,Data Security and Governance,2,12,BAO6504,Accounting for Management,1,12.0,,,,,,,,,,,,,,,,
73727,uFMAf,Juan,Reyes,23,Male,Cambodia,Financial Analysis,BEO6000,Data Analysis for Business,3,12,BEO6600,Business Economics,2,12.0,BCO7002,Experience Management,4,12.0,,,,,,,,,,,,
97512,EMFA2,Roberto,Reyes,35,Male,Laos,Financial Analysis,BCO7002,Experience Management,4,12,BCO7000,Business Analytics,1,12.0,,,,,,,,,,,,,,,,
92690,Qg1hB,Angelica,Ramos,22,Female,Vietnam,Market Analysis,BEO6000,Data Analysis for Business,3,12,WOM1000,Women in STEM,3,12.0,,,,,,,,,,,,,,,,
00720,xOgR5,Roberto,Reyes,29,Male,Brunei,General Business Interest,BCO7006,Coding for Business Analytics,1,12,BCO7004,Business Data Mining and Warehousing,4,12.0,BEO6000,Data Analysis for Business,3,12.0,,,,,,,,,,,,
88166,27q3W,Jose,Rivera,25,Male,Vietnam,Programming (Python),BCO7006,Coding for Business Analytics,1,12,BCO7004,Business Data Mining and Warehousing,4,12.0,,,,,,,,,,,,,,,,
86925,fBDx7,Angelica,Reyes,34,Female,Laos,Customer Experience,BCO6008,Predictive Analytics,2,12,BEO6000,Data Analysis for Business,3,12.0,BCO7004,Business Data Mining and Warehousing,4,12.0,WOM1000,Women in STEM,2,12.0,,,,,,,,
77796,moT70,Roberto,Ramos,23,Male,Brunei,Data Science,BEO6000,Data Analysis for Business,3,12,BCO7002,Experience Management,4,12.0,,,,,,,,,,,,,,,,
37179,jk20i,Jessica,Martinez,31,Female,Vietnam,General Business Interest,BCO7000,Business Analytics,1,12,BCO7006,Coding for Business Analytics,1,12.0,BCO7002,Experience Management,4,12.0,BCO7007,Machine Learning,2,12.0,BAO6504,Accounting for Management,1,12.0,WOM1000,Women in STEM,1.0,12.0
05063,ahvSD,Maria,Santos,25,Female,Laos,Data Science,BCO7004,Business Data Mining and Warehousing,4,12,BEO6600,Business Economics,2,12.0,WOM1000,Women in STEM,2,12.0,,,,,,,,,,,,
46111,Aznxs,Alberto,Fernandez,34,Male,Laos,Data Science,BCO6008,Predictive Analytics,2,12,,,,,,,,,,,,,,,,,,,,
87706,Xxlsu,Maria,Gonzalez,25,Female,Philippines,Data Science,BCO6008,Predictive Analytics,2,12,WOM1000,Women in STEM,2,12.0,,,,,,,,,,,,,,,,
19832,iSCjb,Maria,Gonzalez,25,Female,Myanmar,Economic Theory,BCO7005,Data Security and Governance,2,12,WOM1000,Women in STEM,2,12.0,,,,,,,,,,,,,,,,
29237,cuo03,Luisa,Cruz,34,Female,Thailand,Business Strategy,BEO6000,Data Analysis for Business,3,12,BCO7004,Business Data Mining and Warehousing,4,12.0,WOM1000,Women in STEM,4,12.0,,,,,,,,,,,,
76149,ohSHU,Antonio,Torres,32,Male,Thailand,Data Science,BCO7000,Business Analytics,1,12,BCO7006,Coding for Business Analytics,2,12.0,BAO6504,Accounting for Management,1,12.0,BEO6000,Data Analysis for Business,3,12.0,BEO6600,Business Economics,2,12.0,,,,
30533,Kalg4,Juan,Morales,32,Male,Malaysia,Customer Experience,BEO6000,Data Analysis for Business,3,12,BCO7004,Business Data Mining and Warehousing,4,12.0,,,,,,,,,,,,,,,,
12144,B5I1u,Antonio,Garcia,26,Male,Myanmar,Customer Experience,BCO7004,Business Data Mining and Warehousing,4,12,,,,,,,,,,,,,,,,,,,,
33811,AfufS,Fernando,Garcia,31,Male,Laos,Quantitative Analysis,BEO6000,Data Analysis for Business,3,12,BCO6008,Predictive Analytics,2,12.0,,,,,,,,,,,,,,,,
47824,bIoMj,Carmen,Garcia,29,Female,Indonesia,Economic Theory,BCO7004,Business Data Mining and Warehousing,4,12,BCO7007,Machine Learning,2,12.0,BCO7000,Business Analytics,1,12.0,WOM1000,Women in STEM,4,12.0,,,,,,,,
03711,oQ5Gr,Juan,Torres,22,Male,Thailand,Business Intelligence,BEO6000,Data Analysis for Business,3,12,BCO7007,Machine Learning,2,12.0,,,,,,,,,,,,,,,,
42062,6dWNh,Carlos,Santos,20,Male,Cambodia,Programming (Python),BCO6008,Predictive Analytics,2,12,BEO6000,Data Analysis for Business,3,12.0,BCO7006,Coding for Business Analytics,1,12.0,,,,,,,,,,,,
58922,RJ18g,Veronica,Santos,22,Female,Myanmar,Financial Analysis,BCO7007,Machine Learning,2,12,WOM1000,Women in STEM,2,12.0,,,,,,,,,,,,,,,,
67338,sagtG,Fernando,Fernandez,33,Male,Myanmar,Economic Theory,BEO6000,Data Analysis for Business,3,12,,,,,,,,,,,,,,,,,,,,
93930,OR9ky,Sofia,Garcia,27,Female,Myanmar,Quantitative Analysis,BCO7005,Data Security and Governance,2,12,BEO6000,Data Analysis for Business,3,12.0,WOM1000,Women in STEM,1,12.0,,,,,,,,,,,,
44777,G2vhj,Carlos,Ramos,30,Male,Singapore,Market Analysis,BCO6008,Predictive Analytics,2,12,,,,,,,,,,,,,,,,,,,,
58874,BYWpW,Carmen,Cruz,23,Female,Philippines,Customer Experience,BCO7000,Business Analytics,3,12,BCO7006,Coding for Business Analytics,1,12.0,BCO7004,Business Data Mining and Warehousing,4,12.0,BEO6000,Data Analysis for Business,3,12.0,WOM1000,Women in STEM,1,12.0,,,,
44603,LiGSc,Ismael,Rivera,18,Male,Cambodia,Financial Analysis,BEO6000,Data Analysis for Business,3,12,BCO7003,Analytics Project M anagement,1,12.0,,,,,,,,,,,,,,,,
01777,OY5Pq,Carlos,Fernandez,20,Male,Philippines,Programming (Python),WOM1000,Women in STEM,1,12,BEO6000,Data Analysis for Business,3,12.0,,,,,,,,,,,,,,,,
00411,W4EK1,Carlos,Torres,25,Male,Malaysia,Programming (Python),BCO7003,Analytics Project M anagement,1,12,,,,,,,,,,,,,,,,,,,,
42686,URr5O,Antonio,Rivera,29,Male,Myanmar,Market Analysis,BCO6008,Predictive Analytics,2,12,,,,,,,,,,,,,,,,,,,,
33064,kS0pa,Alberto,Rivera,33,Male,Brunei,Business Strategy,BEO6000,Data Analysis for Business,3,12,,,,,,,,,,,,,,,,,,,,
38697,JP58y,Juan,Torres,19,Male,Laos,Market Analysis,WOM1000,Women in STEM,1,12,,,,,,,,,,,,,,,,,,,,
25234,uCm3B,Juan,Morales,27,Male,Cambodia,Machine Learning,BCO7007,Machine Learning,2,12,BCO7003,Analytics Project M anagement,1,12.0,BEO6000,Data Analysis for Business,3,12.0,,,,,,,,,,,,
13461,Dqeuq,Maria,Torres,23,Female,Philippines,Customer Experience,BEO6000,Data Analysis for Business,3,12,WOM1000,Women in STEM,3,12.0,,,,,,,,,,,,,,,,
12111,r85FV,Ricardo,Morales,24,Male,Philippines,General Business Interest,BCO7002,Experience Management,4,12,,,,,,,,,,,,,,,,,,,,
69787,L8myj,Isabela,Torres,32,Female,Thailand,Leadership and Empowerment,WOM1000,Women in STEM,1,12,BCO7002,Experience Management,4,12.0,,,,,,,,,,,,,,,,
16801,2Po9Q,Alberto,Morales,33,Male,Malaysia,Financial Analysis,BCO7004,Business Data Mining and Warehousing,4,12,BEO6600,Business Economics,2,12.0,BCO7000,Business Analytics,1,12.0,,,,,,,,,,,,
59356,3BZ1c,Fernando,Rivera,22,Male,Thailand,Data Science,BEO6000,Data Analysis for Business,3,12,BCO7004,Business Data Mining and Warehousing,4,12.0,BCO7006,Coding for Business Analytics,1,12.0,,,,,,,,,,,,
93087,pDBhe,Maria,Fernandez,27,Female,Brunei,General Business Interest,BCO6008,Predictive Analytics,2,12,BEO6000,Data Analysis for Business,3,12.0,WOM1000,Women in STEM,3,12.0,,,,,,,,,,,,
00466,7sLhb,Angelica,Santos,29,Female,Vietnam,Quantitative Analysis,BCO7005,Data Security and Governance,2,12,BCO7004,Business Data Mining and Warehousing,4,12.0,WOM1000,Women in STEM,4,12.0,,,,,,,,,,,,
84368,vugxH,Carlos,Morales,18,Male,Malaysia,Customer Experience,BEO6000,Data Analysis for Business,3,12,,,,,,,,,,,,,,,,,,,,
53799,sPSBR,Roberto,Flores,18,Male,Malaysia,Data Science,BCO7000,Business Analytics,2,12,BCO7006,Coding for Business Analytics,4,12.0,BCO7005,Data Security and Governance,2,12.0,BCO7002,Experience Management,4,12.0,,,,,,,,
29966,6VRes,Antonio,Santos,32,Male,Singapore,Data Science,BCO7002,Experience Management,4,12,,,,,,,,,,,,,,,,,,,,
12001,oZs1T,Jessica,Garcia,23,Female,Laos,Market Analysis,BAO6504,Accounting for Management,1,12,WOM1000,Women in STEM,1,12.0,,,,,,,,,,,,,,,,
